sleeve,family,variant,best_pick,n_nonzero_days,sharpe_full,sharpe_is,sharpe_oos,is_sharpe_lift,oos_sharpe_lift,maxdd_full,maxdd_is,maxdd_oos,maxdd_oos_improve
EVE_XAU,baseline,baseline,True,1764,1.2490541245950524,0.7705636724226521,1.7858994015431358,0.0,0.0,-0.09712586870215034,-0.09712586870215034,-0.08491537243193359,0.0
EVE_XAU,fixed,fixed_2pct_cd1,False,1761,1.2249663813774891,0.7705636724226521,1.7399199146514253,0.0,-0.0459794868917105,-0.09712586870215034,-0.09712586870215034,-0.08658013874115567,0.0016647663092220766
EVE_XAU,fixed,fixed_3pct_cd2,False,1764,1.2490541245950524,0.7705636724226521,1.7858994015431358,0.0,0.0,-0.09712586870215034,-0.09712586870215034,-0.08491537243193359,0.0
EVE_XAU,fixed,fixed_5pct_cd3,False,1764,1.2490541245950524,0.7705636724226521,1.7858994015431358,0.0,0.0,-0.09712586870215034,-0.09712586870215034,-0.08491537243193359,0.0
EVE_XAU,atr,atr_1.5x,False,1577,1.0603788110359205,0.5789962027597795,1.5701202741207454,-0.19156746966287264,-0.21577912742239036,-0.08334706283816529,-0.06241502399861376,-0.08334706283816518,-0.0015683095937684133
EVE_XAU,atr,atr_2.0x,False,1617,1.149022538831362,0.6401634634016441,1.6903394638949807,-0.13040020902100802,-0.09555993764815507,-0.09003227632239708,-0.061518271562786664,-0.09003227632239696,0.005116903890463376
EVE_XAU,time,time_3bar,False,1383,1.2098511937482626,0.9850984513100906,1.545899579136517,0.21453477888743844,-0.23999982240661866,-0.08138811590911632,-0.07594845069099809,-0.08138811590911654,-0.003527256522817046
EVE_XAU,trail,trail_arm2pct_frac50,False,1762,1.2420616121111616,0.771485594259415,1.7718268896978475,0.0009219218367628734,-0.014072511845288238,-0.09712586870215001,-0.09712586870215001,-0.08877365794338143,0.0038582855114478454
EVE_XAU,eqprot,eqprot_5pct_21d,False,1760,1.243121902496555,0.7705636724226521,1.7745831982389053,0.0,-0.011316203304230443,-0.09712586870215034,-0.09712586870215034,-0.08377463172830146,-0.001140740703632126
D1REV_UK,baseline,baseline,True,1128,0.5366388651472835,0.6285356383304656,0.3307121453848168,0.0,0.0,-0.03819044277051453,-0.029638093224896522,-0.024303891351189155,0.0
D1REV_UK,fixed,fixed_2pct_cd1,False,1127,0.4920661100033282,0.5671554891044015,0.3307121453848168,-0.06138014922606405,0.0,-0.03912080519220795,-0.03912080519220795,-0.024303891351189155,0.0
D1REV_UK,fixed,fixed_3pct_cd2,False,1128,0.5366388651472835,0.6285356383304656,0.3307121453848168,0.0,0.0,-0.03819044277051453,-0.029638093224896522,-0.024303891351189155,0.0
D1REV_UK,fixed,fixed_5pct_cd3,False,1128,0.5366388651472835,0.6285356383304656,0.3307121453848168,0.0,0.0,-0.03819044277051453,-0.029638093224896522,-0.024303891351189155,0.0
D1REV_UK,atr,atr_1.5x,False,1008,0.32494535784689993,0.30048784868900125,0.43577495229242097,-0.3280477896414643,0.10506280690760417,-0.044229405648302245,-0.039143396882992954,-0.024471283849591963,0.00016739249840280745
D1REV_UK,atr,atr_2.0x,False,1026,0.35867172469668174,0.35321277077314256,0.4182977025520869,-0.275322867557323,0.08758555716727012,-0.041736567485818665,-0.041736567485818665,-0.024471283849591963,0.00016739249840280745
D1REV_UK,time,time_3bar,False,964,0.6683388743822537,0.835195976446564,0.2600717909258226,0.2066603381160984,-0.07064035445899419,-0.03607826345590348,-0.03607826345590348,-0.0242689999474468,-3.489140374235422e-05
D1REV_UK,trail,trail_arm2pct_frac50,False,1128,0.5366388651472835,0.6285356383304656,0.3307121453848168,0.0,0.0,-0.03819044277051453,-0.029638093224896522,-0.024303891351189155,0.0
D1REV_UK,eqprot,eqprot_5pct_21d,False,1128,0.5366388651472835,0.6285356383304656,0.3307121453848168,0.0,0.0,-0.03819044277051453,-0.029638093224896522,-0.024303891351189155,0.0
XSMOM,baseline,baseline,True,2099,0.7160644970532437,0.6135951306815441,1.0325112967711256,0.0,0.0,-0.031653398748727746,-0.031653398748727746,-0.029223816079548492,0.0
XSMOM,fixed,fixed_2pct_cd1,False,2098,0.6980658825480501,0.5877649467954894,1.0325112967711256,-0.025830183886054736,0.0,-0.031653398748728634,-0.031653398748728634,-0.029223816079548492,0.0
XSMOM,fixed,fixed_3pct_cd2,False,2099,0.7160644970532437,0.6135951306815441,1.0325112967711256,0.0,0.0,-0.031653398748727746,-0.031653398748727746,-0.029223816079548492,0.0
XSMOM,fixed,fixed_5pct_cd3,False,2099,0.7160644970532437,0.6135951306815441,1.0325112967711256,0.0,0.0,-0.031653398748727746,-0.031653398748727746,-0.029223816079548492,0.0
XSMOM,atr,atr_1.5x,False,2085,0.7148596250842844,0.6112702362158894,1.0325112967711256,-0.0023248944656547588,0.0,-0.03165339874872719,-0.03165339874872719,-0.029223816079548492,0.0
XSMOM,atr,atr_2.0x,False,2087,0.7022636010166218,0.5936039424284537,1.0325112967711256,-0.01999118825309043,0.0,-0.0316533987487283,-0.0316533987487283,-0.029223816079548492,0.0
XSMOM,time,time_3bar,False,1581,0.7456998537713956,0.7036666075930441,0.9211424733894115,0.09007147691149997,-0.11136882338171417,-0.026503242782864866,-0.025242391397715114,-0.026503242782864533,-0.002720573296683959
XSMOM,trail,trail_arm2pct_frac50,False,2099,0.7160644970532437,0.6135951306815441,1.0325112967711256,0.0,0.0,-0.031653398748727746,-0.031653398748727746,-0.029223816079548492,0.0
XSMOM,eqprot,eqprot_5pct_21d,False,2099,0.7160644970532437,0.6135951306815441,1.0325112967711256,0.0,0.0,-0.031653398748727746,-0.031653398748727746,-0.029223816079548492,0.0
D1REV_NAS,baseline,baseline,True,1429,0.5958457709450105,0.6098899019966441,0.5932612572548484,0.0,0.0,-0.034025286769945096,-0.034025286769945096,-0.025477483547058366,0.0
D1REV_NAS,fixed,fixed_2pct_cd1,False,1428,0.5819307112229216,0.5899506260475685,0.5932612572548484,-0.01993927594907552,0.0,-0.03402528676994432,-0.03402528676994432,-0.025477483547058366,0.0
D1REV_NAS,fixed,fixed_3pct_cd2,False,1429,0.5958457709450105,0.6098899019966441,0.5932612572548484,0.0,0.0,-0.034025286769945096,-0.034025286769945096,-0.025477483547058366,0.0
D1REV_NAS,fixed,fixed_5pct_cd3,False,1429,0.5958457709450105,0.6098899019966441,0.5932612572548484,0.0,0.0,-0.034025286769945096,-0.034025286769945096,-0.025477483547058366,0.0
D1REV_NAS,atr,atr_1.5x,False,1273,0.33615554237005946,0.2436331236374315,0.5687587533626592,-0.36625677835921255,-0.02450250389218911,-0.0412242211607331,-0.0412242211607331,-0.02449402593168626,-0.0009834576153721075
D1REV_NAS,atr,atr_2.0x,False,1301,0.3922338502729036,0.26053187292817226,0.7159547823970128,-0.3493580290684718,0.12269352514216447,-0.04024653172005954,-0.04024653172005954,-0.024033647026265426,-0.0014438365207929404
D1REV_NAS,time,time_3bar,False,1175,0.5237170116348323,0.5901600619949391,0.38846111328383315,-0.019729840001704968,-0.2048001439710152,-0.04168910521863811,-0.04168910521863811,-0.033329883079941225,0.007852399532882859
D1REV_NAS,trail,trail_arm2pct_frac50,False,1429,0.5958457709450105,0.6098899019966441,0.5932612572548484,0.0,0.0,-0.034025286769945096,-0.034025286769945096,-0.025477483547058366,0.0
D1REV_NAS,eqprot,eqprot_5pct_21d,False,1429,0.5958457709450105,0.6098899019966441,0.5932612572548484,0.0,0.0,-0.034025286769945096,-0.034025286769945096,-0.025477483547058366,0.0
WED_BTC,baseline,baseline,True,668,0.6833133989380877,0.6048880798135856,0.8782737850781687,0.0,0.0,-0.061472687487337585,-0.061472687487337585,-0.04101602669228144,0.0
WED_BTC,fixed,fixed_2pct_cd1,False,665,0.6840896382994816,0.6060210455857845,0.8782737850781687,0.0011329657721989017,0.0,-0.06138748821767015,-0.06138748821767015,-0.04101602669228144,0.0
WED_BTC,fixed,fixed_3pct_cd2,False,668,0.6833133989380877,0.6048880798135856,0.8782737850781687,0.0,0.0,-0.061472687487337585,-0.061472687487337585,-0.04101602669228144,0.0
WED_BTC,fixed,fixed_5pct_cd3,False,668,0.6833133989380877,0.6048880798135856,0.8782737850781687,0.0,0.0,-0.061472687487337585,-0.061472687487337585,-0.04101602669228144,0.0
WED_BTC,atr,atr_1.5x,False,527,0.7198035897881235,0.6373712724973885,0.9248107160420392,0.03248319268380284,0.04653693096387057,-0.05838520489372734,-0.05838520489372734,-0.03909896096301935,-0.0019170657292620907
WED_BTC,atr,atr_2.0x,False,534,0.7179916811575973,0.6358602010980972,0.922271572863255,0.030972121284511545,0.04399778778508634,-0.05838520489372734,-0.05838520489372734,-0.039360604510249586,-0.0016554221820318515
WED_BTC,time,time_3bar,False,668,0.6833133989380877,0.6048880798135856,0.8782737850781687,0.0,0.0,-0.061472687487337585,-0.061472687487337585,-0.04101602669228144,0.0
WED_BTC,trail,trail_arm2pct_frac50,False,668,0.6833133989380877,0.6048880798135856,0.8782737850781687,0.0,0.0,-0.061472687487337585,-0.061472687487337585,-0.04101602669228144,0.0
WED_BTC,eqprot,eqprot_5pct_21d,False,668,0.6833133989380877,0.6048880798135856,0.8782737850781687,0.0,0.0,-0.061472687487337585,-0.061472687487337585,-0.04101602669228144,0.0
DEFEND,baseline,baseline,False,364,0.291463665254119,0.21789721732783426,0.49081267991227673,0.0,0.0,-0.06450161995793335,-0.06450161995793335,-0.03901613183720276,0.0
DEFEND,fixed,fixed_2pct_cd1,False,361,0.3031505594224179,0.19279638957841644,0.6008383939095149,-0.025100827749417826,0.11002571399723815,-0.06788696795890548,-0.06788696795890548,-0.031144119254528202,-0.007872012582674559
DEFEND,fixed,fixed_3pct_cd2,False,364,0.291463665254119,0.21789721732783426,0.49081267991227673,0.0,0.0,-0.06450161995793335,-0.06450161995793335,-0.03901613183720276,0.0
DEFEND,fixed,fixed_5pct_cd3,False,364,0.291463665254119,0.21789721732783426,0.49081267991227673,0.0,0.0,-0.06450161995793335,-0.06450161995793335,-0.03901613183720276,0.0
DEFEND,atr,atr_1.5x,False,326,0.4948534610621427,0.5382191481146227,0.41328637976986765,0.3203219307867884,-0.07752630014240908,-0.04098068088980755,-0.04098068088980755,-0.02449196826083755,-0.014524163576365212
DEFEND,atr,atr_2.0x,False,331,0.29350842512627734,0.38298205189775825,0.076681494525598,0.16508483456992398,-0.4141311853866787,-0.05473728337524486,-0.05473728337524486,-0.034892846310787706,-0.004123285526415055
DEFEND,time,time_3bar,True,299,0.35820654000640983,0.22593333346850528,0.724279748685671,0.008036116140671012,0.2334670687733943,-0.05281767273505622,-0.05281767273505622,-0.01899817620803057,-0.02001795562917219
DEFEND,trail,trail_arm2pct_frac50,False,364,0.291463665254119,0.21789721732783426,0.49081267991227673,0.0,0.0,-0.06450161995793335,-0.06450161995793335,-0.03901613183720276,0.0
DEFEND,eqprot,eqprot_5pct_21d,False,353,0.2336218721629384,0.1287051174587024,0.49081267991227673,-0.08919209986913187,0.0,-0.06707647275117845,-0.06707647275117845,-0.03901613183720276,0.0
VOLFORECAST,baseline,baseline,True,2275,1.7042020587674291,1.7879492911198356,1.6212133806462266,0.0,0.0,-0.05022142285336839,-0.049537092679041494,-0.05022142285336828,0.0
VOLFORECAST,fixed,fixed_2pct_cd1,False,2275,1.7042020587674291,1.7879492911198356,1.6212133806462266,0.0,0.0,-0.05022142285336839,-0.049537092679041494,-0.05022142285336828,0.0
VOLFORECAST,fixed,fixed_3pct_cd2,False,2275,1.7042020587674291,1.7879492911198356,1.6212133806462266,0.0,0.0,-0.05022142285336839,-0.049537092679041494,-0.05022142285336828,0.0
VOLFORECAST,fixed,fixed_5pct_cd3,False,2275,1.7042020587674291,1.7879492911198356,1.6212133806462266,0.0,0.0,-0.05022142285336839,-0.049537092679041494,-0.05022142285336828,0.0
VOLFORECAST,atr,atr_1.5x,False,2273,1.7385209539417423,1.8505456337908353,1.6212133806462266,0.06259634267099967,0.0,-0.05022142285336839,-0.049537092679041494,-0.05022142285336828,0.0
VOLFORECAST,atr,atr_2.0x,False,2273,1.7281049360467058,1.8320597900588875,1.6212133806462266,0.044110498939051945,0.0,-0.05022142285336828,-0.04953709267904127,-0.05022142285336828,0.0
VOLFORECAST,time,time_3bar,False,1707,1.2741517304451033,1.309378280341573,1.2472191941942647,-0.4785710107782626,-0.3739941864519618,-0.057451002247750904,-0.02998516451637856,-0.05745100224775079,0.007229579394382513
VOLFORECAST,trail,trail_arm2pct_frac50,False,2275,1.7042020587674291,1.7879492911198356,1.6212133806462266,0.0,0.0,-0.05022142285336839,-0.049537092679041494,-0.05022142285336828,0.0
VOLFORECAST,eqprot,eqprot_5pct_21d,False,2270,1.6784905981896998,1.7879492911198356,1.5600514158311907,0.0,-0.061161964815035885,-0.05022142285336839,-0.049537092679041494,-0.05022142285336828,0.0
H4_SLEEVE,baseline,baseline,True,2335,2.023598139491244,2.7933487256352416,0.45771411237835313,0.0,0.0,-0.10301189432429492,-0.04220662348809967,-0.06388727163549723,0.0
H4_SLEEVE,fixed,fixed_2pct_cd1,False,2335,2.023598139491244,2.7933487256352416,0.45771411237835313,0.0,0.0,-0.10301189432429492,-0.04220662348809967,-0.06388727163549723,0.0
H4_SLEEVE,fixed,fixed_3pct_cd2,False,2335,2.023598139491244,2.7933487256352416,0.45771411237835313,0.0,0.0,-0.10301189432429492,-0.04220662348809967,-0.06388727163549723,0.0
H4_SLEEVE,fixed,fixed_5pct_cd3,False,2335,2.023598139491244,2.7933487256352416,0.45771411237835313,0.0,0.0,-0.10301189432429492,-0.04220662348809967,-0.06388727163549723,0.0
H4_SLEEVE,atr,atr_1.5x,False,2335,2.023598139491244,2.7933487256352416,0.45771411237835313,0.0,0.0,-0.10301189432429492,-0.04220662348809967,-0.06388727163549723,0.0
H4_SLEEVE,atr,atr_2.0x,False,2335,2.023598139491244,2.7933487256352416,0.45771411237835313,0.0,0.0,-0.10301189432429492,-0.04220662348809967,-0.06388727163549723,0.0
H4_SLEEVE,time,time_3bar,False,1752,1.7647659143960346,2.426871048764541,0.4074584606861881,-0.36647767687070054,-0.05025565169216506,-0.0728455667937209,-0.04032440988187014,-0.038519403450647194,-0.02536786818485004
H4_SLEEVE,trail,trail_arm2pct_frac50,False,2335,2.023598139491244,2.7933487256352416,0.45771411237835313,0.0,0.0,-0.10301189432429492,-0.04220662348809967,-0.06388727163549723,0.0
H4_SLEEVE,eqprot,eqprot_5pct_21d,False,2335,2.023598139491244,2.7933487256352416,0.45771411237835313,0.0,0.0,-0.10301189432429492,-0.04220662348809967,-0.06388727163549723,0.0
CRYPTO_vs_SPX,baseline,baseline,False,199,0.3470792072948872,0.43781278238970955,0.13875751666779812,0.0,0.0,-0.048256727262238064,-0.03250597923095766,-0.048256727262238064,0.0
CRYPTO_vs_SPX,fixed,fixed_2pct_cd1,False,199,0.3470792072948872,0.43781278238970955,0.13875751666779812,0.0,0.0,-0.048256727262238064,-0.03250597923095766,-0.048256727262238064,0.0
CRYPTO_vs_SPX,fixed,fixed_3pct_cd2,False,199,0.3470792072948872,0.43781278238970955,0.13875751666779812,0.0,0.0,-0.048256727262238064,-0.03250597923095766,-0.048256727262238064,0.0
CRYPTO_vs_SPX,fixed,fixed_5pct_cd3,False,199,0.3470792072948872,0.43781278238970955,0.13875751666779812,0.0,0.0,-0.048256727262238064,-0.03250597923095766,-0.048256727262238064,0.0
CRYPTO_vs_SPX,atr,atr_1.5x,True,176,0.2928445542588997,0.31008164228141005,0.26757915631285767,-0.1277311401082995,0.12882163964505955,-0.053102410195590366,-0.053102410195590366,-0.04700292886607038,-0.0012537983961676824
CRYPTO_vs_SPX,atr,atr_2.0x,False,178,0.2087967265335356,0.28951383071041387,0.015481724941696579,-0.1482989516792957,-0.12327579172610154,-0.06601441639664896,-0.045199035962052436,-0.06601441639664907,0.017757689134411003
CRYPTO_vs_SPX,time,time_3bar,False,165,0.28625726495267834,0.46648279344695537,-0.14403130271838363,0.028670011057245814,-0.2827888193861817,-0.05735706310002908,-0.039329829750924805,-0.0573570631000303,0.00910033583779224
CRYPTO_vs_SPX,trail,trail_arm2pct_frac50,False,199,0.3470792072948872,0.43781278238970955,0.13875751666779812,0.0,0.0,-0.048256727262238064,-0.03250597923095766,-0.048256727262238064,0.0
CRYPTO_vs_SPX,eqprot,eqprot_5pct_21d,False,199,0.3470792072948872,0.43781278238970955,0.13875751666779812,0.0,0.0,-0.048256727262238064,-0.03250597923095766,-0.048256727262238064,0.0
CORR_REGIME,baseline,baseline,True,2275,1.2521919243576929,1.3852399312815726,1.031638996865984,0.0,0.0,-0.04635656667195265,-0.04635656667195265,-0.04556161852424501,0.0
CORR_REGIME,fixed,fixed_2pct_cd1,False,2274,1.2596697494838336,1.397307765399707,1.031638996865984,0.01206783411813439,0.0,-0.0463565666719532,-0.0463565666719532,-0.04556161852424501,0.0
CORR_REGIME,fixed,fixed_3pct_cd2,False,2275,1.2521919243576929,1.3852399312815726,1.031638996865984,0.0,0.0,-0.04635656667195265,-0.04635656667195265,-0.04556161852424501,0.0
CORR_REGIME,fixed,fixed_5pct_cd3,False,2275,1.2521919243576929,1.3852399312815726,1.031638996865984,0.0,0.0,-0.04635656667195265,-0.04635656667195265,-0.04556161852424501,0.0
CORR_REGIME,atr,atr_1.5x,False,2266,1.2329076947183064,1.354361423493596,1.031638996865984,-0.03087850778797674,0.0,-0.04635656667195298,-0.04635656667195298,-0.04556161852424501,0.0
CORR_REGIME,atr,atr_2.0x,False,2266,1.23072405208795,1.3508553310122486,1.031638996865984,-0.034384600269323995,0.0,-0.04635656667195254,-0.04635656667195254,-0.04556161852424501,0.0
CORR_REGIME,time,time_3bar,False,1707,1.170138805595692,1.3956455995523187,0.7861114493652039,0.010405668270746071,-0.2455275475007801,-0.04074973833256346,-0.04074973833256346,-0.04068089996057367,-0.004880718563671338
CORR_REGIME,trail,trail_arm2pct_frac50,False,2274,1.2462339390935748,1.3757054174394652,1.031638996865984,-0.009534513842107462,0.0,-0.04635656667195309,-0.04635656667195309,-0.04556161852424501,0.0
CORR_REGIME,eqprot,eqprot_5pct_21d,False,2275,1.2521919243576929,1.3852399312815726,1.031638996865984,0.0,0.0,-0.04635656667195265,-0.04635656667195265,-0.04556161852424501,0.0
SESSION_MOM,baseline,baseline,True,114,0.7584380131594309,0.7647158523369778,0.8150065619129605,0.0,0.0,-0.049806168678665275,-0.03860942453080607,-0.04652139561938862,0.0
SESSION_MOM,fixed,fixed_2pct_cd1,False,114,0.7584380131594309,0.7647158523369778,0.8150065619129605,0.0,0.0,-0.049806168678665275,-0.03860942453080607,-0.04652139561938862,0.0
SESSION_MOM,fixed,fixed_3pct_cd2,False,114,0.7584380131594309,0.7647158523369778,0.8150065619129605,0.0,0.0,-0.049806168678665275,-0.03860942453080607,-0.04652139561938862,0.0
SESSION_MOM,fixed,fixed_5pct_cd3,False,114,0.7584380131594309,0.7647158523369778,0.8150065619129605,0.0,0.0,-0.049806168678665275,-0.03860942453080607,-0.04652139561938862,0.0
SESSION_MOM,atr,atr_1.5x,False,111,0.7428178105162376,0.720412967737853,0.8262716169565109,-0.04430288459912479,0.011265055043550354,-0.04980616867866561,-0.03860942453080618,-0.04652139561938862,0.0
SESSION_MOM,atr,atr_2.0x,False,111,0.7428178105162376,0.720412967737853,0.8262716169565109,-0.04430288459912479,0.011265055043550354,-0.04980616867866561,-0.03860942453080618,-0.04652139561938862,0.0
SESSION_MOM,time,time_3bar,False,113,0.76676723030187,0.78291114494339,0.8150065619129605,0.018195292606412172,0.0,-0.049806168678665164,-0.03860942453080585,-0.04652139561938862,0.0
SESSION_MOM,trail,trail_arm2pct_frac50,False,114,0.7584380131594309,0.7647158523369778,0.8150065619129605,0.0,0.0,-0.049806168678665275,-0.03860942453080607,-0.04652139561938862,0.0
SESSION_MOM,eqprot,eqprot_5pct_21d,False,114,0.7584380131594309,0.7647158523369778,0.8150065619129605,0.0,0.0,-0.049806168678665275,-0.03860942453080607,-0.04652139561938862,0.0
W1_STRATS,baseline,baseline,True,654,1.8125564725771073,2.1263813790376247,1.2329437711749442,0.0,0.0,-0.04423117365945983,-0.02824766564083303,-0.04423117365945939,0.0
W1_STRATS,fixed,fixed_2pct_cd1,False,654,1.8125564725771073,2.1263813790376247,1.2329437711749442,0.0,0.0,-0.04423117365945983,-0.02824766564083303,-0.04423117365945939,0.0
W1_STRATS,fixed,fixed_3pct_cd2,False,654,1.8125564725771073,2.1263813790376247,1.2329437711749442,0.0,0.0,-0.04423117365945983,-0.02824766564083303,-0.04423117365945939,0.0
W1_STRATS,fixed,fixed_5pct_cd3,False,654,1.8125564725771073,2.1263813790376247,1.2329437711749442,0.0,0.0,-0.04423117365945983,-0.02824766564083303,-0.04423117365945939,0.0
W1_STRATS,atr,atr_1.5x,False,654,1.8125564725771073,2.1263813790376247,1.2329437711749442,0.0,0.0,-0.04423117365945983,-0.02824766564083303,-0.04423117365945939,0.0
W1_STRATS,atr,atr_2.0x,False,654,1.8125564725771073,2.1263813790376247,1.2329437711749442,0.0,0.0,-0.04423117365945983,-0.02824766564083303,-0.04423117365945939,0.0
W1_STRATS,time,time_3bar,False,654,1.8125564725771073,2.1263813790376247,1.2329437711749442,0.0,0.0,-0.04423117365945983,-0.02824766564083303,-0.04423117365945939,0.0
W1_STRATS,trail,trail_arm2pct_frac50,False,654,1.8125564725771073,2.1263813790376247,1.2329437711749442,0.0,0.0,-0.04423117365945983,-0.02824766564083303,-0.04423117365945939,0.0
W1_STRATS,eqprot,eqprot_5pct_21d,False,654,1.8125564725771073,2.1263813790376247,1.2329437711749442,0.0,0.0,-0.04423117365945983,-0.02824766564083303,-0.04423117365945939,0.0
EVENT_VOLSPIKE,baseline,baseline,False,210,0.8436786506897226,0.9811429159443622,0.5454931846850496,0.0,0.0,-0.021708976943530134,-0.014068659500022895,-0.021708976943530023,0.0
EVENT_VOLSPIKE,fixed,fixed_2pct_cd1,False,210,0.8436786506897226,0.9811429159443622,0.5454931846850496,0.0,0.0,-0.021708976943530134,-0.014068659500022895,-0.021708976943530023,0.0
EVENT_VOLSPIKE,fixed,fixed_3pct_cd2,False,210,0.8436786506897226,0.9811429159443622,0.5454931846850496,0.0,0.0,-0.021708976943530134,-0.014068659500022895,-0.021708976943530023,0.0
EVENT_VOLSPIKE,fixed,fixed_5pct_cd3,False,210,0.8436786506897226,0.9811429159443622,0.5454931846850496,0.0,0.0,-0.021708976943530134,-0.014068659500022895,-0.021708976943530023,0.0
EVENT_VOLSPIKE,atr,atr_1.5x,False,187,0.8594726965577195,0.9822755961911966,0.619719496949801,0.0011326802468344388,0.0742263122647514,-0.017215919336437957,-0.014068659500022895,-0.017215919336437846,-0.004493057607092177
EVENT_VOLSPIKE,atr,atr_2.0x,False,189,0.8594080162409089,0.9822320477611867,0.6195647777568644,0.0010891318168244624,0.07407159307181477,-0.017226187382695102,-0.014068659500022895,-0.017226187382694325,-0.004482789560835698
EVENT_VOLSPIKE,time,time_3bar,True,197,0.8770227578854098,0.9800861535766997,0.7074818023349574,-0.0010567623676625004,0.1619886176499078,-0.01599746920470202,-0.013650192075648437,-0.015997469204702353,-0.00571150773882767
EVENT_VOLSPIKE,trail,trail_arm2pct_frac50,False,210,0.8436786506897226,0.9811429159443622,0.5454931846850496,0.0,0.0,-0.021708976943530134,-0.014068659500022895,-0.021708976943530023,0.0
EVENT_VOLSPIKE,eqprot,eqprot_5pct_21d,False,210,0.8436786506897226,0.9811429159443622,0.5454931846850496,0.0,0.0,-0.021708976943530134,-0.014068659500022895,-0.021708976943530023,0.0
STATARB_XS,baseline,baseline,True,1965,0.9072728148350082,0.7300483870633765,1.344987603958842,0.0,0.0,-0.056494019164564646,-0.056494019164564646,-0.018478792536350874,0.0
STATARB_XS,fixed,fixed_2pct_cd1,False,1963,0.879254475984523,0.6876457544396938,1.344987603958842,-0.04240263262368271,0.0,-0.056444431188683475,-0.056444431188683475,-0.018478792536350874,0.0
STATARB_XS,fixed,fixed_3pct_cd2,False,1963,0.8898512088713164,0.7028522037097512,1.344987603958842,-0.02719618335362528,0.0,-0.056494019164564646,-0.056494019164564646,-0.018478792536350874,0.0
STATARB_XS,fixed,fixed_5pct_cd3,False,1965,0.9072728148350082,0.7300483870633765,1.344987603958842,0.0,0.0,-0.056494019164564646,-0.056494019164564646,-0.018478792536350874,0.0
STATARB_XS,atr,atr_1.5x,False,1771,0.744157575089759,0.7376713526128843,0.7791666945836347,0.00762296554950781,-0.5658209093752072,-0.04745927125948979,-0.04745927125948979,-0.03142848588224023,0.012949693345889357
STATARB_XS,atr,atr_2.0x,False,1815,0.8355102622673795,0.7806258621078179,0.9747437623768306,0.05057747504444143,-0.3702438415820114,-0.04523917585853743,-0.04523917585853743,-0.02633327762917137,0.007854485092820496
STATARB_XS,time,time_3bar,False,1480,0.5583319502644735,0.36564533241006436,1.0588852945028453,-0.36440305465331213,-0.2861023094559967,-0.055861772224797046,-0.055861772224797046,-0.02192238528422641,0.0034435927478755346
STATARB_XS,trail,trail_arm2pct_frac50,False,1964,0.9074654150199428,0.7303275214371779,1.344987603958842,0.00027913437380144845,0.0,-0.056494019164564646,-0.056494019164564646,-0.018478792536350874,0.0
STATARB_XS,eqprot,eqprot_5pct_21d,False,1965,0.9072728148350082,0.7300483870633765,1.344987603958842,0.0,0.0,-0.056494019164564646,-0.056494019164564646,-0.018478792536350874,0.0
MICROSTR_D1,baseline,baseline,True,2156,1.4606565388713277,1.6298411303629181,1.1324338268246583,0.0,0.0,-0.019125165529118915,-0.019125165529118915,-0.014215642268547435,0.0
MICROSTR_D1,fixed,fixed_2pct_cd1,False,2156,1.4606565388713277,1.6298411303629181,1.1324338268246583,0.0,0.0,-0.019125165529118915,-0.019125165529118915,-0.014215642268547435,0.0
MICROSTR_D1,fixed,fixed_3pct_cd2,False,2156,1.4606565388713277,1.6298411303629181,1.1324338268246583,0.0,0.0,-0.019125165529118915,-0.019125165529118915,-0.014215642268547435,0.0
MICROSTR_D1,fixed,fixed_5pct_cd3,False,2156,1.4606565388713277,1.6298411303629181,1.1324338268246583,0.0,0.0,-0.019125165529118915,-0.019125165529118915,-0.014215642268547435,0.0
MICROSTR_D1,atr,atr_1.5x,False,2040,1.4189780579702784,1.563043819382206,1.1544466333999903,-0.06679731098071207,0.022012806575332,-0.019125165529118693,-0.019125165529118693,-0.01440642751748289,0.00019078524893545445
MICROSTR_D1,atr,atr_2.0x,False,2060,1.4298725619830113,1.5968688386042758,1.1036838391031507,-0.03297229175864236,-0.02874998772150761,-0.019125165529118582,-0.019125165529118582,-0.014596400606835758,0.00038075833828832284
MICROSTR_D1,time,time_3bar,False,1645,1.2247188429952516,1.3200097693776798,1.0854148701500403,-0.30983136098523834,-0.04701895667461797,-0.017835730879836476,-0.017835730879836476,-0.010501677614225269,-0.003713964654322166
MICROSTR_D1,trail,trail_arm2pct_frac50,False,2156,1.4606565388713277,1.6298411303629181,1.1324338268246583,0.0,0.0,-0.019125165529118915,-0.019125165529118915,-0.014215642268547435,0.0
MICROSTR_D1,eqprot,eqprot_5pct_21d,False,2156,1.4606565388713277,1.6298411303629181,1.1324338268246583,0.0,0.0,-0.019125165529118915,-0.019125165529118915,-0.014215642268547435,0.0
VOL_BREAKOUT,baseline,baseline,True,2115,1.1982077244686842,1.3560122257296194,0.9158334383421394,0.0,0.0,-0.04366768962016765,-0.042266400179141295,-0.04366768962016743,0.0
VOL_BREAKOUT,fixed,fixed_2pct_cd1,False,2114,1.19703426951019,1.3560122257296194,0.9125472098262182,0.0,-0.003286228515921197,-0.04408841315411538,-0.042266400179141295,-0.044088413154115824,0.00042072353394839723
VOL_BREAKOUT,fixed,fixed_3pct_cd2,False,2115,1.1982077244686842,1.3560122257296194,0.9158334383421394,0.0,0.0,-0.04366768962016765,-0.042266400179141295,-0.04366768962016743,0.0
VOL_BREAKOUT,fixed,fixed_5pct_cd3,False,2115,1.1982077244686842,1.3560122257296194,0.9158334383421394,0.0,0.0,-0.04366768962016765,-0.042266400179141295,-0.04366768962016743,0.0
VOL_BREAKOUT,atr,atr_1.5x,False,2091,1.1937714708446725,1.3037706964217304,0.9971522053889093,-0.052241529307889056,0.08131876704676988,-0.042506019374588866,-0.042266400179142294,-0.04250601937458853,-0.001161670245578894
VOL_BREAKOUT,atr,atr_2.0x,False,2091,1.172823239223841,1.2984138528747617,0.9478884815570917,-0.05759837285485769,0.03205504321495234,-0.04887665588232015,-0.04226640017914163,-0.048876655882320375,0.0052089662621529476
VOL_BREAKOUT,time,time_3bar,False,1590,1.0909895884974008,0.9489878969048137,1.3535740351128582,-0.40702432882480577,0.43774059677071886,-0.03982780527344998,-0.03982780527344998,-0.03786482373531119,-0.005802865884856234
VOL_BREAKOUT,trail,trail_arm2pct_frac50,False,2114,1.186069936719188,1.3372371043063047,0.9158334383421394,-0.018775121423314722,0.0,-0.043667689620168426,-0.042266400179141184,-0.04366768962016743,0.0
VOL_BREAKOUT,eqprot,eqprot_5pct_21d,False,2115,1.1982077244686842,1.3560122257296194,0.9158334383421394,0.0,0.0,-0.04366768962016765,-0.042266400179141295,-0.04366768962016743,0.0
TERM_SPREADS,baseline,baseline,True,2271,0.9875723594163003,1.0876643792277705,0.8042273772815343,0.0,0.0,-0.06968527975392358,-0.06968527975392358,-0.03826953087897422,0.0
TERM_SPREADS,fixed,fixed_2pct_cd1,False,2268,0.9956851898956636,1.1002021826625212,0.8042273772815343,0.01253780343475075,0.0,-0.06610336221086999,-0.06610336221086999,-0.03826953087897422,0.0
TERM_SPREADS,fixed,fixed_3pct_cd2,False,2267,1.0032064675637846,1.1118141418094905,0.8042273772815343,0.02414976258171997,0.0,-0.06462655037373977,-0.06462655037373977,-0.03826953087897422,0.0
TERM_SPREADS,fixed,fixed_5pct_cd3,False,2268,0.9732374180201406,1.0659178152321493,0.8042273772815343,-0.021746563995621138,0.0,-0.07580749082075067,-0.07580749082075067,-0.03826953087897422,0.0
TERM_SPREADS,atr,atr_1.5x,False,2260,1.023527929405277,1.143891392589539,0.8042273772815343,0.05622701336176861,0.0,-0.06344467046661695,-0.06344467046661695,-0.03826953087897422,0.0
TERM_SPREADS,atr,atr_2.0x,False,2262,1.0070407945458562,1.118243890824735,0.8042273772815343,0.03057951159696448,0.0,-0.06852138323958734,-0.06852138323958734,-0.03826953087897422,0.0
TERM_SPREADS,time,time_3bar,False,1704,0.8729499970793904,1.0033966599300133,0.6340216904082586,-0.08426771929775723,-0.17020568687327564,-0.06376918688478483,-0.04598917508137501,-0.06376918688478528,0.025499656005811056
TERM_SPREADS,trail,trail_arm2pct_frac50,False,2271,0.9875723594163003,1.0876643792277705,0.8042273772815343,0.0,0.0,-0.06968527975392358,-0.06968527975392358,-0.03826953087897422,0.0
TERM_SPREADS,eqprot,eqprot_5pct_21d,False,2271,0.9875723594163003,1.0876643792277705,0.8042273772815343,0.0,0.0,-0.06968527975392358,-0.06968527975392358,-0.03826953087897422,0.0
EURGBP_MR,baseline,baseline,True,832,0.9583516536648365,1.0139957022896477,0.8645959860912813,0.0,0.0,-0.04847592543289936,-0.04847592543289936,-0.021804038558553618,0.0
EURGBP_MR,fixed,fixed_2pct_cd1,False,832,0.9583516536648365,1.0139957022896477,0.8645959860912813,0.0,0.0,-0.04847592543289936,-0.04847592543289936,-0.021804038558553618,0.0
EURGBP_MR,fixed,fixed_3pct_cd2,False,832,0.9583516536648365,1.0139957022896477,0.8645959860912813,0.0,0.0,-0.04847592543289936,-0.04847592543289936,-0.021804038558553618,0.0
EURGBP_MR,fixed,fixed_5pct_cd3,False,832,0.9583516536648365,1.0139957022896477,0.8645959860912813,0.0,0.0,-0.04847592543289936,-0.04847592543289936,-0.021804038558553618,0.0
EURGBP_MR,atr,atr_1.5x,False,723,0.7861265884418134,0.9542670437861439,0.42599811018120587,-0.05972865850350384,-0.43859787591007543,-0.045002206289944446,-0.045002206289944446,-0.018184768103285398,-0.0036192704552682198
EURGBP_MR,atr,atr_2.0x,False,737,0.7136728056671879,0.7922323553566339,0.558534506797401,-0.2217633469330138,-0.3060614792938803,-0.04621106349547033,-0.04621106349547033,-0.015603717575366938,-0.00620032098318668
EURGBP_MR,time,time_3bar,False,682,0.5232728683895546,0.5982444468435416,0.3692082254903659,-0.41575125544610614,-0.4953877606009154,-0.06057494634902094,-0.06057494634902094,-0.029907260958068727,0.008103222399515109
EURGBP_MR,trail,trail_arm2pct_frac50,False,832,0.9583516536648365,1.0139957022896477,0.8645959860912813,0.0,0.0,-0.04847592543289936,-0.04847592543289936,-0.021804038558553618,0.0
EURGBP_MR,eqprot,eqprot_5pct_21d,False,832,0.9583516536648365,1.0139957022896477,0.8645959860912813,0.0,0.0,-0.04847592543289936,-0.04847592543289936,-0.021804038558553618,0.0
MULTIDAY,baseline,baseline,True,1244,1.3444523404390667,1.7498572534258348,0.5310397849912443,0.0,0.0,-0.06840907009550079,-0.024403442008402942,-0.06840907009550168,0.0
MULTIDAY,fixed,fixed_2pct_cd1,False,1244,1.3444523404390667,1.7498572534258348,0.5310397849912443,0.0,0.0,-0.06840907009550079,-0.024403442008402942,-0.06840907009550168,0.0
MULTIDAY,fixed,fixed_3pct_cd2,False,1244,1.3444523404390667,1.7498572534258348,0.5310397849912443,0.0,0.0,-0.06840907009550079,-0.024403442008402942,-0.06840907009550168,0.0
MULTIDAY,fixed,fixed_5pct_cd3,False,1244,1.3444523404390667,1.7498572534258348,0.5310397849912443,0.0,0.0,-0.06840907009550079,-0.024403442008402942,-0.06840907009550168,0.0
MULTIDAY,atr,atr_1.5x,False,1112,1.2407074080958325,1.6321354476956371,0.4470054246293623,-0.11772180573019764,-0.08403436036188194,-0.06348412024076688,-0.02380525353886953,-0.06348412024076788,-0.0049249498547337955
MULTIDAY,atr,atr_2.0x,False,1135,1.1764248453460215,1.5928213623782665,0.3296588412639111,-0.1570358910475682,-0.20138094372733317,-0.0594994822788365,-0.02380525353886953,-0.059499482278836835,-0.008909587816664843
MULTIDAY,time,time_3bar,False,1040,1.294197606238004,1.7692905392859957,0.28141913331307533,0.01943328586016091,-0.24962065167816894,-0.059369590507342807,-0.025080423532022555,-0.05936959050734136,-0.009039479588160315
MULTIDAY,trail,trail_arm2pct_frac50,False,1244,1.3444523404390667,1.7498572534258348,0.5310397849912443,0.0,0.0,-0.06840907009550079,-0.024403442008402942,-0.06840907009550168,0.0
MULTIDAY,eqprot,eqprot_5pct_21d,False,1244,1.3444523404390667,1.7498572534258348,0.5310397849912443,0.0,0.0,-0.06840907009550079,-0.024403442008402942,-0.06840907009550168,0.0
