month_end,sleeve,trailing_sharpe,state_before
2020-03-31 00:00:00+00:00,RISKPAR,0.0,ON
2020-03-31 00:00:00+00:00,TREND_NEW,1.2740817755205867,ON
2020-03-31 00:00:00+00:00,EVE_XAU,3.9664725151199565,ON
2020-03-31 00:00:00+00:00,D1REV_UK,2.4634308684945116,ON
2020-03-31 00:00:00+00:00,XSMOM,0.0,ON
2020-03-31 00:00:00+00:00,D1REV_NAS,1.4209863050871874,ON
2020-03-31 00:00:00+00:00,WED_BTC,-1.758296830720622,ON
2020-03-31 00:00:00+00:00,DEFEND,-2.211983307782676,ON
2020-03-31 00:00:00+00:00,PAIRS_EXP,0.0,ON
2020-03-31 00:00:00+00:00,VOLFORECAST,-1.2652550953464081,ON
2020-03-31 00:00:00+00:00,H4_SLEEVE,10.010657816394302,ON
2020-03-31 00:00:00+00:00,CRYPTO_vs_SPX,0.0,ON
2020-04-30 00:00:00+00:00,RISKPAR,2.678949191259733,ON
2020-04-30 00:00:00+00:00,TREND_NEW,-0.3948712485606302,ON
2020-04-30 00:00:00+00:00,EVE_XAU,1.9668797092715842,ON
2020-04-30 00:00:00+00:00,D1REV_UK,3.1030138035834414,ON
2020-04-30 00:00:00+00:00,XSMOM,0.0,ON
2020-04-30 00:00:00+00:00,D1REV_NAS,3.2840081348307213,ON
2020-04-30 00:00:00+00:00,WED_BTC,3.1988904400480074,ON
2020-04-30 00:00:00+00:00,DEFEND,-0.06503549155450507,ON
2020-04-30 00:00:00+00:00,PAIRS_EXP,0.0,ON
2020-04-30 00:00:00+00:00,VOLFORECAST,-0.03265811553042094,ON
2020-04-30 00:00:00+00:00,H4_SLEEVE,9.144481656234602,ON
2020-04-30 00:00:00+00:00,CRYPTO_vs_SPX,0.0,ON
2020-05-31 00:00:00+00:00,RISKPAR,3.911022464299287,ON
2020-05-31 00:00:00+00:00,TREND_NEW,-0.05792804979188848,ON
2020-05-31 00:00:00+00:00,EVE_XAU,-1.645830252716034,ON
2020-05-31 00:00:00+00:00,D1REV_UK,0.23545622156625953,ON
2020-05-31 00:00:00+00:00,XSMOM,0.0,ON
2020-05-31 00:00:00+00:00,D1REV_NAS,2.804873618106868,ON
2020-05-31 00:00:00+00:00,WED_BTC,3.9951081891524467,ON
2020-05-31 00:00:00+00:00,DEFEND,2.2333651672532673,OFF
2020-05-31 00:00:00+00:00,PAIRS_EXP,0.0,ON
2020-05-31 00:00:00+00:00,VOLFORECAST,3.369511634100432,OFF
2020-05-31 00:00:00+00:00,H4_SLEEVE,3.395561403912583,ON
2020-05-31 00:00:00+00:00,CRYPTO_vs_SPX,0.0,ON
2020-06-30 00:00:00+00:00,RISKPAR,1.465130759606724,ON
2020-06-30 00:00:00+00:00,TREND_NEW,0.032519371155196625,OFF
2020-06-30 00:00:00+00:00,EVE_XAU,0.4246089197650326,ON
2020-06-30 00:00:00+00:00,D1REV_UK,2.2252836875510056,ON
2020-06-30 00:00:00+00:00,XSMOM,0.0,ON
2020-06-30 00:00:00+00:00,D1REV_NAS,1.7919542716461383,ON
2020-06-30 00:00:00+00:00,WED_BTC,3.3407594334842017,ON
2020-06-30 00:00:00+00:00,DEFEND,3.8811726834180624,ON
2020-06-30 00:00:00+00:00,PAIRS_EXP,0.0,ON
2020-06-30 00:00:00+00:00,VOLFORECAST,2.09502167206576,ON
2020-06-30 00:00:00+00:00,H4_SLEEVE,5.630931648680011,ON
2020-06-30 00:00:00+00:00,CRYPTO_vs_SPX,0.0,ON
2020-07-31 00:00:00+00:00,RISKPAR,5.494132358266927,ON
2020-07-31 00:00:00+00:00,TREND_NEW,1.6489052493335263,OFF
2020-07-31 00:00:00+00:00,EVE_XAU,0.7756805247587084,ON
2020-07-31 00:00:00+00:00,D1REV_UK,5.787136572468882,ON
2020-07-31 00:00:00+00:00,XSMOM,0.7967200231927346,ON
2020-07-31 00:00:00+00:00,D1REV_NAS,1.7446500927281208,ON
2020-07-31 00:00:00+00:00,WED_BTC,2.9840663632957125,ON
2020-07-31 00:00:00+00:00,DEFEND,4.286664403544732,ON
2020-07-31 00:00:00+00:00,PAIRS_EXP,0.0,ON
2020-07-31 00:00:00+00:00,VOLFORECAST,2.957633105556883,ON
2020-07-31 00:00:00+00:00,H4_SLEEVE,4.044953554302103,ON
2020-07-31 00:00:00+00:00,CRYPTO_vs_SPX,0.0,ON
2020-08-31 00:00:00+00:00,RISKPAR,7.980932832233888,ON
2020-08-31 00:00:00+00:00,TREND_NEW,9.45002896452229,ON
2020-08-31 00:00:00+00:00,EVE_XAU,3.147004775537529,ON
2020-08-31 00:00:00+00:00,D1REV_UK,3.2669425187620384,ON
2020-08-31 00:00:00+00:00,XSMOM,-0.58515916909564,ON
2020-08-31 00:00:00+00:00,D1REV_NAS,-0.16195292008306583,ON
2020-08-31 00:00:00+00:00,WED_BTC,3.9432243815868993,ON
2020-08-31 00:00:00+00:00,DEFEND,0.6673093396125671,ON
2020-08-31 00:00:00+00:00,PAIRS_EXP,0.0,ON
2020-08-31 00:00:00+00:00,VOLFORECAST,6.90116514612862,ON
2020-08-31 00:00:00+00:00,H4_SLEEVE,-1.6042469364165488,ON
2020-08-31 00:00:00+00:00,CRYPTO_vs_SPX,0.0,ON
2020-09-30 00:00:00+00:00,RISKPAR,2.6048773384605965,ON
2020-09-30 00:00:00+00:00,TREND_NEW,1.360744700532083,ON
2020-09-30 00:00:00+00:00,EVE_XAU,3.0009962486641153,ON
2020-09-30 00:00:00+00:00,D1REV_UK,1.8440998701457105,ON
2020-09-30 00:00:00+00:00,XSMOM,-1.139915145610596,ON
2020-09-30 00:00:00+00:00,D1REV_NAS,0.44721718427229273,ON
2020-09-30 00:00:00+00:00,WED_BTC,-0.030673438396023642,ON
2020-09-30 00:00:00+00:00,DEFEND,1.8929683669593333,ON
2020-09-30 00:00:00+00:00,PAIRS_EXP,0.0,ON
2020-09-30 00:00:00+00:00,VOLFORECAST,1.6575986633572222,ON
2020-09-30 00:00:00+00:00,H4_SLEEVE,1.4566644388064343,ON
2020-09-30 00:00:00+00:00,CRYPTO_vs_SPX,0.0,ON
2020-10-31 00:00:00+00:00,RISKPAR,-1.162164056620825,ON
2020-10-31 00:00:00+00:00,TREND_NEW,0.38760122915069234,ON
2020-10-31 00:00:00+00:00,EVE_XAU,-0.6060579155245785,ON
2020-10-31 00:00:00+00:00,D1REV_UK,2.0255695690553863,ON
2020-10-31 00:00:00+00:00,XSMOM,-0.13334487418838423,OFF
2020-10-31 00:00:00+00:00,D1REV_NAS,1.5674929017312806,ON
2020-10-31 00:00:00+00:00,WED_BTC,-0.25409146660020043,ON
2020-10-31 00:00:00+00:00,DEFEND,1.8323136503098476,ON
2020-10-31 00:00:00+00:00,PAIRS_EXP,0.0,ON
2020-10-31 00:00:00+00:00,VOLFORECAST,-1.8835173773071903,ON
2020-10-31 00:00:00+00:00,H4_SLEEVE,-0.31552518063559537,ON
2020-10-31 00:00:00+00:00,CRYPTO_vs_SPX,0.0,ON
2020-11-30 00:00:00+00:00,RISKPAR,4.644548997288169,ON
2020-11-30 00:00:00+00:00,TREND_NEW,6.697449100401385,ON
2020-11-30 00:00:00+00:00,EVE_XAU,1.3277756531534022,ON
2020-11-30 00:00:00+00:00,D1REV_UK,0.06500857053116633,ON
2020-11-30 00:00:00+00:00,XSMOM,0.31427967204440255,OFF
2020-11-30 00:00:00+00:00,D1REV_NAS,-0.9122690576323269,ON
2020-11-30 00:00:00+00:00,WED_BTC,1.5361869595020377,OFF
2020-11-30 00:00:00+00:00,DEFEND,0.3498534878510128,ON
2020-11-30 00:00:00+00:00,PAIRS_EXP,0.0,ON
2020-11-30 00:00:00+00:00,VOLFORECAST,4.6483801624296035,ON
2020-11-30 00:00:00+00:00,H4_SLEEVE,3.5782788241064236,ON
2020-11-30 00:00:00+00:00,CRYPTO_vs_SPX,0.0,ON
2020-12-31 00:00:00+00:00,RISKPAR,7.400796365335952,ON
2020-12-31 00:00:00+00:00,TREND_NEW,8.09942390620709,ON
2020-12-31 00:00:00+00:00,EVE_XAU,1.0716247136743264,ON
2020-12-31 00:00:00+00:00,D1REV_UK,-0.8243004753627104,ON
2020-12-31 00:00:00+00:00,XSMOM,2.9130339743231644,OFF
2020-12-31 00:00:00+00:00,D1REV_NAS,-3.767880586234655,ON
2020-12-31 00:00:00+00:00,WED_BTC,3.437082583191519,ON
2020-12-31 00:00:00+00:00,DEFEND,0.0,ON
2020-12-31 00:00:00+00:00,PAIRS_EXP,0.0,ON
2020-12-31 00:00:00+00:00,VOLFORECAST,8.788295577949793,ON
2020-12-31 00:00:00+00:00,H4_SLEEVE,7.12096335487809,ON
2020-12-31 00:00:00+00:00,CRYPTO_vs_SPX,0.0,ON
2021-01-31 00:00:00+00:00,RISKPAR,5.70087503289938,ON
2021-01-31 00:00:00+00:00,TREND_NEW,4.903018665647243,ON
2021-01-31 00:00:00+00:00,EVE_XAU,2.547821327923407,ON
2021-01-31 00:00:00+00:00,D1REV_UK,0.10649630293940669,ON
2021-01-31 00:00:00+00:00,XSMOM,2.2246485759329717,ON
2021-01-31 00:00:00+00:00,D1REV_NAS,2.5274911953574652,OFF
2021-01-31 00:00:00+00:00,WED_BTC,3.4122542099737134,ON
2021-01-31 00:00:00+00:00,DEFEND,0.0,ON
2021-01-31 00:00:00+00:00,PAIRS_EXP,0.0,ON
2021-01-31 00:00:00+00:00,VOLFORECAST,5.517696512111455,ON
2021-01-31 00:00:00+00:00,H4_SLEEVE,2.4789403387206383,ON
2021-01-31 00:00:00+00:00,CRYPTO_vs_SPX,0.0,ON
2021-02-28 00:00:00+00:00,RISKPAR,5.360310208713017,ON
2021-02-28 00:00:00+00:00,TREND_NEW,5.399730341187115,ON
2021-02-28 00:00:00+00:00,EVE_XAU,4.534090195788552,ON
2021-02-28 00:00:00+00:00,D1REV_UK,-0.04321185242258609,ON
2021-02-28 00:00:00+00:00,XSMOM,-3.169658504186417,ON
2021-02-28 00:00:00+00:00,D1REV_NAS,1.729708952836878,ON
2021-02-28 00:00:00+00:00,WED_BTC,3.4334918729306017,ON
2021-02-28 00:00:00+00:00,DEFEND,0.0,ON
2021-02-28 00:00:00+00:00,PAIRS_EXP,0.0,ON
2021-02-28 00:00:00+00:00,VOLFORECAST,5.671224483275416,ON
2021-02-28 00:00:00+00:00,H4_SLEEVE,0.6929091443208725,ON
2021-02-28 00:00:00+00:00,CRYPTO_vs_SPX,0.0,ON
2021-03-31 00:00:00+00:00,RISKPAR,4.819199785740355,ON
2021-03-31 00:00:00+00:00,TREND_NEW,5.807325207853947,ON
2021-03-31 00:00:00+00:00,EVE_XAU,3.620719307132059,ON
2021-03-31 00:00:00+00:00,D1REV_UK,1.6847110477112412,ON
2021-03-31 00:00:00+00:00,XSMOM,1.871662576681326,ON
2021-03-31 00:00:00+00:00,D1REV_NAS,1.9221780000560065,ON
2021-03-31 00:00:00+00:00,WED_BTC,3.153926697286378,ON
2021-03-31 00:00:00+00:00,DEFEND,0.0,ON
2021-03-31 00:00:00+00:00,PAIRS_EXP,0.0,ON
2021-03-31 00:00:00+00:00,VOLFORECAST,7.594378614162984,ON
2021-03-31 00:00:00+00:00,H4_SLEEVE,3.843055287000244,ON
2021-03-31 00:00:00+00:00,CRYPTO_vs_SPX,0.0,ON
2021-04-30 00:00:00+00:00,RISKPAR,5.376051837560534,ON
2021-04-30 00:00:00+00:00,TREND_NEW,4.2954373176959155,ON
2021-04-30 00:00:00+00:00,EVE_XAU,0.14480155850219964,ON
2021-04-30 00:00:00+00:00,D1REV_UK,0.521644410910334,ON
2021-04-30 00:00:00+00:00,XSMOM,3.3492694216427723,ON
2021-04-30 00:00:00+00:00,D1REV_NAS,1.8573162743720482,ON
2021-04-30 00:00:00+00:00,WED_BTC,-1.3087627642678914,ON
2021-04-30 00:00:00+00:00,DEFEND,0.0,ON
2021-04-30 00:00:00+00:00,PAIRS_EXP,0.0,ON
2021-04-30 00:00:00+00:00,VOLFORECAST,6.328939455297425,ON
2021-04-30 00:00:00+00:00,H4_SLEEVE,3.8556844040009803,ON
2021-04-30 00:00:00+00:00,CRYPTO_vs_SPX,0.0,ON
2021-05-31 00:00:00+00:00,RISKPAR,3.969144496234735,ON
2021-05-31 00:00:00+00:00,TREND_NEW,1.2015755492053664,ON
2021-05-31 00:00:00+00:00,EVE_XAU,-5.861969723091743,ON
2021-05-31 00:00:00+00:00,D1REV_UK,-2.844080569898382,ON
2021-05-31 00:00:00+00:00,XSMOM,0.11474775324931837,ON
2021-05-31 00:00:00+00:00,D1REV_NAS,1.1127349502315989,ON
2021-05-31 00:00:00+00:00,WED_BTC,-3.0200416678399242,ON
2021-05-31 00:00:00+00:00,DEFEND,0.0,ON
2021-05-31 00:00:00+00:00,PAIRS_EXP,0.0,ON
2021-05-31 00:00:00+00:00,VOLFORECAST,2.390316460821196,ON
2021-05-31 00:00:00+00:00,H4_SLEEVE,2.2609416764414716,ON
2021-05-31 00:00:00+00:00,CRYPTO_vs_SPX,0.0,ON
2021-06-30 00:00:00+00:00,RISKPAR,0.5106542053827281,ON
2021-06-30 00:00:00+00:00,TREND_NEW,-0.5120139175386687,ON
2021-06-30 00:00:00+00:00,EVE_XAU,-3.1019565973003655,ON
2021-06-30 00:00:00+00:00,D1REV_UK,-1.2390563910502894,ON
2021-06-30 00:00:00+00:00,XSMOM,-0.3503338801650116,ON
2021-06-30 00:00:00+00:00,D1REV_NAS,1.2887268674703072,ON
2021-06-30 00:00:00+00:00,WED_BTC,-0.6038668683910106,OFF
2021-06-30 00:00:00+00:00,DEFEND,0.0,ON
2021-06-30 00:00:00+00:00,PAIRS_EXP,0.0,ON
2021-06-30 00:00:00+00:00,VOLFORECAST,1.421452482080542,ON
2021-06-30 00:00:00+00:00,H4_SLEEVE,2.2725558462339626,ON
2021-06-30 00:00:00+00:00,CRYPTO_vs_SPX,0.0,ON
2021-07-31 00:00:00+00:00,RISKPAR,0.6748894886334998,ON
2021-07-31 00:00:00+00:00,TREND_NEW,1.8994738088046688,ON
2021-07-31 00:00:00+00:00,EVE_XAU,-1.2985213110553426,OFF
2021-07-31 00:00:00+00:00,D1REV_UK,2.1746755644269515,OFF
2021-07-31 00:00:00+00:00,XSMOM,-3.3487916239292264,ON
2021-07-31 00:00:00+00:00,D1REV_NAS,0.9435956394676328,ON
2021-07-31 00:00:00+00:00,WED_BTC,2.8744082253475502,OFF
2021-07-31 00:00:00+00:00,DEFEND,0.0,ON
2021-07-31 00:00:00+00:00,PAIRS_EXP,0.0,ON
2021-07-31 00:00:00+00:00,VOLFORECAST,1.9472741329861263,ON
2021-07-31 00:00:00+00:00,H4_SLEEVE,3.4566266769177605,ON
2021-07-31 00:00:00+00:00,CRYPTO_vs_SPX,0.0,ON
2021-08-31 00:00:00+00:00,RISKPAR,4.481473212108512,ON
2021-08-31 00:00:00+00:00,TREND_NEW,4.636269497076585,ON
2021-08-31 00:00:00+00:00,EVE_XAU,-3.9827293588207735,OFF
2021-08-31 00:00:00+00:00,D1REV_UK,1.5994365133999557,ON
2021-08-31 00:00:00+00:00,XSMOM,-0.09920145848354482,OFF
2021-08-31 00:00:00+00:00,D1REV_NAS,-3.392428823764787,ON
2021-08-31 00:00:00+00:00,WED_BTC,2.972132087875589,ON
2021-08-31 00:00:00+00:00,DEFEND,0.0,ON
2021-08-31 00:00:00+00:00,PAIRS_EXP,0.0,ON
2021-08-31 00:00:00+00:00,VOLFORECAST,3.584125136424873,ON
2021-08-31 00:00:00+00:00,H4_SLEEVE,3.0393261606889106,ON
2021-08-31 00:00:00+00:00,CRYPTO_vs_SPX,0.0,ON
2021-09-30 00:00:00+00:00,RISKPAR,1.7010694572624239,ON
2021-09-30 00:00:00+00:00,TREND_NEW,1.4420608056634494,ON
2021-09-30 00:00:00+00:00,EVE_XAU,-0.348944801654025,OFF
2021-09-30 00:00:00+00:00,D1REV_UK,-0.9991796367393648,ON
2021-09-30 00:00:00+00:00,XSMOM,4.769980223794911,OFF
2021-09-30 00:00:00+00:00,D1REV_NAS,-4.99812737055779,ON
2021-09-30 00:00:00+00:00,WED_BTC,4.61396563922752,ON
2021-09-30 00:00:00+00:00,DEFEND,-2.4263340195021685,ON
2021-09-30 00:00:00+00:00,PAIRS_EXP,0.0,ON
2021-09-30 00:00:00+00:00,VOLFORECAST,1.8408350914089016,ON
2021-09-30 00:00:00+00:00,H4_SLEEVE,1.3627691510984468,ON
2021-09-30 00:00:00+00:00,CRYPTO_vs_SPX,0.0,ON
2021-10-31 00:00:00+00:00,RISKPAR,1.979637016152151,ON
2021-10-31 00:00:00+00:00,TREND_NEW,2.794492321253968,ON
2021-10-31 00:00:00+00:00,EVE_XAU,-1.4091669038766133,OFF
2021-10-31 00:00:00+00:00,D1REV_UK,-0.8602952011608308,ON
2021-10-31 00:00:00+00:00,XSMOM,2.242181449930216,ON
2021-10-31 00:00:00+00:00,D1REV_NAS,-3.6867008167962703,OFF
2021-10-31 00:00:00+00:00,WED_BTC,4.2036052855636346,ON
2021-10-31 00:00:00+00:00,DEFEND,0.775811766599779,ON
2021-10-31 00:00:00+00:00,PAIRS_EXP,0.0,ON
2021-10-31 00:00:00+00:00,VOLFORECAST,3.278702864911623,ON
2021-10-31 00:00:00+00:00,H4_SLEEVE,1.3170708206833253,ON
2021-10-31 00:00:00+00:00,CRYPTO_vs_SPX,0.0,ON
2021-11-30 00:00:00+00:00,RISKPAR,-0.3241920608827814,ON
2021-11-30 00:00:00+00:00,TREND_NEW,3.305480093558858,ON
2021-11-30 00:00:00+00:00,EVE_XAU,-1.1339745146150098,OFF
2021-11-30 00:00:00+00:00,D1REV_UK,2.563543154924318,OFF
2021-11-30 00:00:00+00:00,XSMOM,-1.1225951457495387,ON
2021-11-30 00:00:00+00:00,D1REV_NAS,-1.4884655378949263,OFF
2021-11-30 00:00:00+00:00,WED_BTC,1.5009197603501507,ON
2021-11-30 00:00:00+00:00,DEFEND,0.775811766599779,ON
2021-11-30 00:00:00+00:00,PAIRS_EXP,0.0,ON
2021-11-30 00:00:00+00:00,VOLFORECAST,2.9053610401526333,ON
2021-11-30 00:00:00+00:00,H4_SLEEVE,3.587180896472224,ON
2021-11-30 00:00:00+00:00,CRYPTO_vs_SPX,0.0,ON
2021-12-31 00:00:00+00:00,RISKPAR,-1.4517379571427418,ON
2021-12-31 00:00:00+00:00,TREND_NEW,-0.8163367580749838,ON
2021-12-31 00:00:00+00:00,EVE_XAU,1.2434378925563814,OFF
2021-12-31 00:00:00+00:00,D1REV_UK,0.108407880436907,ON
2021-12-31 00:00:00+00:00,XSMOM,0.5580367179227562,ON
2021-12-31 00:00:00+00:00,D1REV_NAS,1.0696107831809618,OFF
2021-12-31 00:00:00+00:00,WED_BTC,-3.6685653513893373,ON
2021-12-31 00:00:00+00:00,DEFEND,0.0,ON
2021-12-31 00:00:00+00:00,PAIRS_EXP,0.0,ON
2021-12-31 00:00:00+00:00,VOLFORECAST,-0.4078425058641939,ON
2021-12-31 00:00:00+00:00,H4_SLEEVE,2.266287241475075,ON
2021-12-31 00:00:00+00:00,CRYPTO_vs_SPX,0.0,ON
2022-01-31 00:00:00+00:00,RISKPAR,-1.3446988214767936,OFF
2022-01-31 00:00:00+00:00,TREND_NEW,-1.5866478112182685,ON
2022-01-31 00:00:00+00:00,EVE_XAU,2.177467789689599,ON
2022-01-31 00:00:00+00:00,D1REV_UK,-2.806570060480162,ON
2022-01-31 00:00:00+00:00,XSMOM,2.9092052606901655,ON
2022-01-31 00:00:00+00:00,D1REV_NAS,-0.1946646428436419,ON
2022-01-31 00:00:00+00:00,WED_BTC,-2.5415958300817882,ON
2022-01-31 00:00:00+00:00,DEFEND,-1.216489742359966,ON
2022-01-31 00:00:00+00:00,PAIRS_EXP,1.867343125868313,ON
2022-01-31 00:00:00+00:00,VOLFORECAST,-1.3977811664090716,ON
2022-01-31 00:00:00+00:00,H4_SLEEVE,4.6561296038604825,ON
2022-01-31 00:00:00+00:00,CRYPTO_vs_SPX,0.0,ON
2022-02-28 00:00:00+00:00,RISKPAR,-2.594831459132365,OFF
2022-02-28 00:00:00+00:00,TREND_NEW,-4.489660713503226,OFF
2022-02-28 00:00:00+00:00,EVE_XAU,-0.27821036142999583,ON
2022-02-28 00:00:00+00:00,D1REV_UK,2.94336216545321,ON
2022-02-28 00:00:00+00:00,XSMOM,1.1820346538956648,ON
2022-02-28 00:00:00+00:00,D1REV_NAS,-0.6600621674609277,ON
2022-02-28 00:00:00+00:00,WED_BTC,-4.458639399993841,OFF
2022-02-28 00:00:00+00:00,DEFEND,-1.315083195441355,ON
2022-02-28 00:00:00+00:00,PAIRS_EXP,4.007324699628406,ON
2022-02-28 00:00:00+00:00,VOLFORECAST,-2.9750508609787323,OFF
2022-02-28 00:00:00+00:00,H4_SLEEVE,7.6626123109836906,ON
2022-02-28 00:00:00+00:00,CRYPTO_vs_SPX,0.0,ON
2022-03-31 00:00:00+00:00,RISKPAR,1.892216906451677,OFF
2022-03-31 00:00:00+00:00,TREND_NEW,-2.578862962695411,OFF
2022-03-31 00:00:00+00:00,EVE_XAU,-1.3792217651072347,ON
2022-03-31 00:00:00+00:00,D1REV_UK,1.455637435908315,ON
2022-03-31 00:00:00+00:00,XSMOM,-2.6341666484680992,ON
2022-03-31 00:00:00+00:00,D1REV_NAS,-1.0575885539393344,OFF
2022-03-31 00:00:00+00:00,WED_BTC,0.1171060370580784,OFF
2022-03-31 00:00:00+00:00,DEFEND,4.410535862488199,OFF
2022-03-31 00:00:00+00:00,PAIRS_EXP,1.8541647397208094,ON
2022-03-31 00:00:00+00:00,VOLFORECAST,2.5697737156884055,OFF
2022-03-31 00:00:00+00:00,H4_SLEEVE,10.64028838581156,ON
2022-03-31 00:00:00+00:00,CRYPTO_vs_SPX,0.0,ON
2022-04-30 00:00:00+00:00,RISKPAR,-0.9456695439901343,ON
2022-04-30 00:00:00+00:00,TREND_NEW,-3.471833622983504,OFF
2022-04-30 00:00:00+00:00,EVE_XAU,-3.6478080156106283,OFF
2022-04-30 00:00:00+00:00,D1REV_UK,-0.12741955719292997,ON
2022-04-30 00:00:00+00:00,XSMOM,0.416995379041881,ON
2022-04-30 00:00:00+00:00,D1REV_NAS,1.12906268501797,OFF
2022-04-30 00:00:00+00:00,WED_BTC,1.9288818416430435,OFF
2022-04-30 00:00:00+00:00,DEFEND,4.096767635057933,ON
2022-04-30 00:00:00+00:00,PAIRS_EXP,-0.9283846572101986,ON
2022-04-30 00:00:00+00:00,VOLFORECAST,1.9590101627402416,ON
2022-04-30 00:00:00+00:00,H4_SLEEVE,8.671354030207592,ON
2022-04-30 00:00:00+00:00,CRYPTO_vs_SPX,0.0,ON
2022-05-31 00:00:00+00:00,RISKPAR,-3.385101737055161,ON
2022-05-31 00:00:00+00:00,TREND_NEW,-1.3129505007996312,OFF
2022-05-31 00:00:00+00:00,EVE_XAU,-1.0557669380854906,OFF
2022-05-31 00:00:00+00:00,D1REV_UK,-0.45582434862276844,ON
2022-05-31 00:00:00+00:00,XSMOM,2.7726824216177977,ON
2022-05-31 00:00:00+00:00,D1REV_NAS,2.615055971536872,ON
2022-05-31 00:00:00+00:00,WED_BTC,-1.2058070090545725,ON
2022-05-31 00:00:00+00:00,DEFEND,-0.630992661415493,ON
2022-05-31 00:00:00+00:00,PAIRS_EXP,1.7159544685124541,ON
2022-05-31 00:00:00+00:00,VOLFORECAST,-1.7520881144190068,ON
2022-05-31 00:00:00+00:00,H4_SLEEVE,3.1691472297245555,ON
2022-05-31 00:00:00+00:00,CRYPTO_vs_SPX,0.0,ON
2022-06-30 00:00:00+00:00,RISKPAR,-3.5569570205661627,OFF
2022-06-30 00:00:00+00:00,TREND_NEW,4.051178898316354,OFF
2022-06-30 00:00:00+00:00,EVE_XAU,-0.2004001624386487,OFF
2022-06-30 00:00:00+00:00,D1REV_UK,-0.09523536789280239,OFF
2022-06-30 00:00:00+00:00,XSMOM,2.0545670609561095,ON
2022-06-30 00:00:00+00:00,D1REV_NAS,1.1452638597921645,ON
2022-06-30 00:00:00+00:00,WED_BTC,-2.6424562339416027,ON
2022-06-30 00:00:00+00:00,DEFEND,0.733494873567722,ON
2022-06-30 00:00:00+00:00,PAIRS_EXP,2.4113464059871306,ON
2022-06-30 00:00:00+00:00,VOLFORECAST,0.8998199396966198,ON
2022-06-30 00:00:00+00:00,H4_SLEEVE,4.121183828976741,ON
2022-06-30 00:00:00+00:00,CRYPTO_vs_SPX,0.0,ON
2022-07-31 00:00:00+00:00,RISKPAR,-0.1542786137300158,OFF
2022-07-31 00:00:00+00:00,TREND_NEW,-1.2230330609865114,ON
2022-07-31 00:00:00+00:00,EVE_XAU,-2.770483262995394,OFF
2022-07-31 00:00:00+00:00,D1REV_UK,2.4414829606162005,OFF
2022-07-31 00:00:00+00:00,XSMOM,0.08758637904372214,ON
2022-07-31 00:00:00+00:00,D1REV_NAS,-0.6636633957205128,ON
2022-07-31 00:00:00+00:00,WED_BTC,1.20995277893814,OFF
2022-07-31 00:00:00+00:00,DEFEND,0.45807802317820073,ON
2022-07-31 00:00:00+00:00,PAIRS_EXP,3.649449269093337,ON
2022-07-31 00:00:00+00:00,VOLFORECAST,1.3477214842534422,ON
2022-07-31 00:00:00+00:00,H4_SLEEVE,4.015458367444755,ON
2022-07-31 00:00:00+00:00,CRYPTO_vs_SPX,0.0,ON
2022-08-31 00:00:00+00:00,RISKPAR,-2.40126812663047,OFF
2022-08-31 00:00:00+00:00,TREND_NEW,-1.2562930155793293,ON
2022-08-31 00:00:00+00:00,EVE_XAU,-4.098080335893291,OFF
2022-08-31 00:00:00+00:00,D1REV_UK,4.293556299750662,ON
2022-08-31 00:00:00+00:00,XSMOM,3.798833519311749,ON
2022-08-31 00:00:00+00:00,D1REV_NAS,0.1669288040319088,ON
2022-08-31 00:00:00+00:00,WED_BTC,2.9090602984328022,ON
2022-08-31 00:00:00+00:00,DEFEND,-2.9942663254064725,ON
2022-08-31 00:00:00+00:00,PAIRS_EXP,4.0078963776928145,ON
2022-08-31 00:00:00+00:00,VOLFORECAST,0.20344625965389654,ON
2022-08-31 00:00:00+00:00,H4_SLEEVE,2.459374881669898,ON
2022-08-31 00:00:00+00:00,CRYPTO_vs_SPX,0.7988684923052322,ON
2022-09-30 00:00:00+00:00,RISKPAR,-4.69347419720621,OFF
2022-09-30 00:00:00+00:00,TREND_NEW,2.924539711069593,OFF
2022-09-30 00:00:00+00:00,EVE_XAU,-2.549094770960984,OFF
2022-09-30 00:00:00+00:00,D1REV_UK,1.311295906422683,ON
2022-09-30 00:00:00+00:00,XSMOM,2.3492586141571783,ON
2022-09-30 00:00:00+00:00,D1REV_NAS,1.2148163198082922,ON
2022-09-30 00:00:00+00:00,WED_BTC,1.0911588734237254,ON
2022-09-30 00:00:00+00:00,DEFEND,-0.0993458057010413,ON
2022-09-30 00:00:00+00:00,PAIRS_EXP,-2.4170781439736366,ON
2022-09-30 00:00:00+00:00,VOLFORECAST,0.8744446087987012,ON
2022-09-30 00:00:00+00:00,H4_SLEEVE,2.5186414160099124,ON
2022-09-30 00:00:00+00:00,CRYPTO_vs_SPX,-0.4896385431922243,ON
2022-10-31 00:00:00+00:00,RISKPAR,-1.0905514186150933,OFF
2022-10-31 00:00:00+00:00,TREND_NEW,0.10015684502755803,ON
2022-10-31 00:00:00+00:00,EVE_XAU,-1.3340673602836608,OFF
2022-10-31 00:00:00+00:00,D1REV_UK,0.6014588795503867,ON
2022-10-31 00:00:00+00:00,XSMOM,-0.08549661924975659,ON
2022-10-31 00:00:00+00:00,D1REV_NAS,0.8337683568680735,ON
2022-10-31 00:00:00+00:00,WED_BTC,2.188009664980099,ON
2022-10-31 00:00:00+00:00,DEFEND,1.184445713166478,OFF
2022-10-31 00:00:00+00:00,PAIRS_EXP,2.273106581081297,ON
2022-10-31 00:00:00+00:00,VOLFORECAST,3.483033601120194,ON
2022-10-31 00:00:00+00:00,H4_SLEEVE,6.080538113402988,ON
2022-10-31 00:00:00+00:00,CRYPTO_vs_SPX,0.7778430403999833,ON
2022-11-30 00:00:00+00:00,RISKPAR,2.0291149637495516,OFF
2022-11-30 00:00:00+00:00,TREND_NEW,0.025881181001128604,ON
2022-11-30 00:00:00+00:00,EVE_XAU,-0.13325774814587804,OFF
2022-11-30 00:00:00+00:00,D1REV_UK,0.8099249395543501,ON
2022-11-30 00:00:00+00:00,XSMOM,-1.0469250987919996,ON
2022-11-30 00:00:00+00:00,D1REV_NAS,1.3804324660750724,ON
2022-11-30 00:00:00+00:00,WED_BTC,-1.4537725560847115,ON
2022-11-30 00:00:00+00:00,DEFEND,-0.28218856681941085,ON
2022-11-30 00:00:00+00:00,PAIRS_EXP,3.1628139774369495,ON
2022-11-30 00:00:00+00:00,VOLFORECAST,1.1697240784702412,ON
2022-11-30 00:00:00+00:00,H4_SLEEVE,3.650494212856357,ON
2022-11-30 00:00:00+00:00,CRYPTO_vs_SPX,0.7911125128184082,ON
2022-12-31 00:00:00+00:00,RISKPAR,-2.890973709464066,ON
2022-12-31 00:00:00+00:00,TREND_NEW,1.8119575524509486,ON
2022-12-31 00:00:00+00:00,EVE_XAU,1.98130077111932,OFF
2022-12-31 00:00:00+00:00,D1REV_UK,1.337114496467626,ON
2022-12-31 00:00:00+00:00,XSMOM,-0.6203612624638657,OFF
2022-12-31 00:00:00+00:00,D1REV_NAS,1.7850035596893261,ON
2022-12-31 00:00:00+00:00,WED_BTC,-2.370887415411479,ON
2022-12-31 00:00:00+00:00,DEFEND,-2.4497056984261016,ON
2022-12-31 00:00:00+00:00,PAIRS_EXP,4.591311337541245,ON
2022-12-31 00:00:00+00:00,VOLFORECAST,-3.12816778539028,ON
2022-12-31 00:00:00+00:00,H4_SLEEVE,3.1388719324870493,ON
2022-12-31 00:00:00+00:00,CRYPTO_vs_SPX,1.4816621077308687,ON
2023-01-31 00:00:00+00:00,RISKPAR,4.528515936148976,ON
2023-01-31 00:00:00+00:00,TREND_NEW,-4.595160685391314,ON
2023-01-31 00:00:00+00:00,EVE_XAU,1.3518901505251344,ON
2023-01-31 00:00:00+00:00,D1REV_UK,0.14395902254594378,ON
2023-01-31 00:00:00+00:00,XSMOM,-0.9569288518788683,OFF
2023-01-31 00:00:00+00:00,D1REV_NAS,0.35855856494454075,ON
2023-01-31 00:00:00+00:00,WED_BTC,1.6694690608708673,OFF
2023-01-31 00:00:00+00:00,DEFEND,-0.4994084213931099,OFF
2023-01-31 00:00:00+00:00,PAIRS_EXP,0.0,ON
2023-01-31 00:00:00+00:00,VOLFORECAST,2.3995413968420207,ON
2023-01-31 00:00:00+00:00,H4_SLEEVE,4.7616467447418245,ON
2023-01-31 00:00:00+00:00,CRYPTO_vs_SPX,3.4463368616641423,ON
2023-02-28 00:00:00+00:00,RISKPAR,4.171355167883697,ON
2023-02-28 00:00:00+00:00,TREND_NEW,-5.548466244162111,ON
2023-02-28 00:00:00+00:00,EVE_XAU,-1.6523845295076236,ON
2023-02-28 00:00:00+00:00,D1REV_UK,0.2129934330555314,ON
2023-02-28 00:00:00+00:00,XSMOM,-2.67840483343502,OFF
2023-02-28 00:00:00+00:00,D1REV_NAS,1.4485701774225785,ON
2023-02-28 00:00:00+00:00,WED_BTC,2.612762779216451,ON
2023-02-28 00:00:00+00:00,DEFEND,2.3423311830454585,OFF
2023-02-28 00:00:00+00:00,PAIRS_EXP,1.6469407037188888,ON
2023-02-28 00:00:00+00:00,VOLFORECAST,0.7426044658944194,ON
2023-02-28 00:00:00+00:00,H4_SLEEVE,2.2374301579469336,ON
2023-02-28 00:00:00+00:00,CRYPTO_vs_SPX,1.0906537198396742,ON
2023-03-31 00:00:00+00:00,RISKPAR,0.7080237166644009,ON
2023-03-31 00:00:00+00:00,TREND_NEW,0.111673178605099,OFF
2023-03-31 00:00:00+00:00,EVE_XAU,-4.109547689259892,ON
2023-03-31 00:00:00+00:00,D1REV_UK,1.5319937285746776,ON
2023-03-31 00:00:00+00:00,XSMOM,2.4628194156092658,OFF
2023-03-31 00:00:00+00:00,D1REV_NAS,0.5175999833802568,ON
2023-03-31 00:00:00+00:00,WED_BTC,1.7072958286782973,ON
2023-03-31 00:00:00+00:00,DEFEND,3.9923016319646334,ON
2023-03-31 00:00:00+00:00,PAIRS_EXP,2.4598806281075776,ON
2023-03-31 00:00:00+00:00,VOLFORECAST,-2.111690070180482,ON
2023-03-31 00:00:00+00:00,H4_SLEEVE,0.7669994346607569,ON
2023-03-31 00:00:00+00:00,CRYPTO_vs_SPX,3.308246211987713,ON
2023-04-30 00:00:00+00:00,RISKPAR,2.8722868299305833,ON
2023-04-30 00:00:00+00:00,TREND_NEW,2.109198122084536,OFF
2023-04-30 00:00:00+00:00,EVE_XAU,-0.020908078070531882,OFF
2023-04-30 00:00:00+00:00,D1REV_UK,1.1295345792668887,ON
2023-04-30 00:00:00+00:00,XSMOM,4.735754576827899,ON
2023-04-30 00:00:00+00:00,D1REV_NAS,0.19461796674446322,ON
2023-04-30 00:00:00+00:00,WED_BTC,-2.2207772160892465,ON
2023-04-30 00:00:00+00:00,DEFEND,3.9923016319646334,ON
2023-04-30 00:00:00+00:00,PAIRS_EXP,2.705885197682729,ON
2023-04-30 00:00:00+00:00,VOLFORECAST,1.1573431812219113,ON
2023-04-30 00:00:00+00:00,H4_SLEEVE,3.013899509394868,ON
2023-04-30 00:00:00+00:00,CRYPTO_vs_SPX,2.9072183281471355,ON
2023-05-31 00:00:00+00:00,RISKPAR,2.0650688096129457,ON
2023-05-31 00:00:00+00:00,TREND_NEW,2.211848648960553,ON
2023-05-31 00:00:00+00:00,EVE_XAU,3.0105276001699024,OFF
2023-05-31 00:00:00+00:00,D1REV_UK,1.1100995294173581,ON
2023-05-31 00:00:00+00:00,XSMOM,-2.188949471677245,ON
2023-05-31 00:00:00+00:00,D1REV_NAS,-0.9027926422515846,ON
2023-05-31 00:00:00+00:00,WED_BTC,-3.30857211064464,ON
2023-05-31 00:00:00+00:00,DEFEND,0.0,ON
2023-05-31 00:00:00+00:00,PAIRS_EXP,2.050539487015356,ON
2023-05-31 00:00:00+00:00,VOLFORECAST,2.7852888202476893,ON
2023-05-31 00:00:00+00:00,H4_SLEEVE,0.45435783171860267,ON
2023-05-31 00:00:00+00:00,CRYPTO_vs_SPX,0.0,ON
2023-06-30 00:00:00+00:00,RISKPAR,2.819257189776306,ON
2023-06-30 00:00:00+00:00,TREND_NEW,3.1947061622031523,ON
2023-06-30 00:00:00+00:00,EVE_XAU,4.001288967288339,ON
2023-06-30 00:00:00+00:00,D1REV_UK,2.709278652342449,ON
2023-06-30 00:00:00+00:00,XSMOM,-1.6720366978087735,ON
2023-06-30 00:00:00+00:00,D1REV_NAS,-0.3716840257695169,ON
2023-06-30 00:00:00+00:00,WED_BTC,-1.6000193716612388,OFF
2023-06-30 00:00:00+00:00,DEFEND,0.0,ON
2023-06-30 00:00:00+00:00,PAIRS_EXP,2.9084033344179616,ON
2023-06-30 00:00:00+00:00,VOLFORECAST,4.509738518145345,ON
2023-06-30 00:00:00+00:00,H4_SLEEVE,0.7036287464572549,ON
2023-06-30 00:00:00+00:00,CRYPTO_vs_SPX,0.8229555465975296,ON
2023-07-31 00:00:00+00:00,RISKPAR,3.4959012082078065,ON
2023-07-31 00:00:00+00:00,TREND_NEW,2.4332458461707667,ON
2023-07-31 00:00:00+00:00,EVE_XAU,4.420769847331892,ON
2023-07-31 00:00:00+00:00,D1REV_UK,-4.039311649608672,ON
2023-07-31 00:00:00+00:00,XSMOM,-1.125197784304302,OFF
2023-07-31 00:00:00+00:00,D1REV_NAS,-1.2380079157038615,OFF
2023-07-31 00:00:00+00:00,WED_BTC,-1.8372871240688462,OFF
2023-07-31 00:00:00+00:00,DEFEND,0.0,ON
2023-07-31 00:00:00+00:00,PAIRS_EXP,1.3989389548738838,ON
2023-07-31 00:00:00+00:00,VOLFORECAST,3.52670974660807,ON
2023-07-31 00:00:00+00:00,H4_SLEEVE,-0.395765843970198,ON
2023-07-31 00:00:00+00:00,CRYPTO_vs_SPX,0.8229555465975297,ON
2023-08-31 00:00:00+00:00,RISKPAR,-0.9435543266803791,ON
2023-08-31 00:00:00+00:00,TREND_NEW,-1.5490298269331215,ON
2023-08-31 00:00:00+00:00,EVE_XAU,3.532613331062196,ON
2023-08-31 00:00:00+00:00,D1REV_UK,-6.3920207087318275,ON
2023-08-31 00:00:00+00:00,XSMOM,-1.3232979729122882,OFF
2023-08-31 00:00:00+00:00,D1REV_NAS,-1.3846476537486556,OFF
2023-08-31 00:00:00+00:00,WED_BTC,-4.180584462435146,OFF
2023-08-31 00:00:00+00:00,DEFEND,0.0,ON
2023-08-31 00:00:00+00:00,PAIRS_EXP,1.5446138958247704,ON
2023-08-31 00:00:00+00:00,VOLFORECAST,-1.0146930595071715,ON
2023-08-31 00:00:00+00:00,H4_SLEEVE,-3.359219037473737,ON
2023-08-31 00:00:00+00:00,CRYPTO_vs_SPX,0.0,ON
2023-09-30 00:00:00+00:00,RISKPAR,-4.020583615267899,ON
2023-09-30 00:00:00+00:00,TREND_NEW,-3.5762960687208643,ON
2023-09-30 00:00:00+00:00,EVE_XAU,3.3270786266695844,ON
2023-09-30 00:00:00+00:00,D1REV_UK,-2.6604135158365625,OFF
2023-09-30 00:00:00+00:00,XSMOM,3.971617826364627,OFF
2023-09-30 00:00:00+00:00,D1REV_NAS,1.5440898638797074,OFF
2023-09-30 00:00:00+00:00,WED_BTC,-2.2115675071111642,OFF
2023-09-30 00:00:00+00:00,DEFEND,-2.4890412974188685,ON
2023-09-30 00:00:00+00:00,PAIRS_EXP,2.0098563827932923,ON
2023-09-30 00:00:00+00:00,VOLFORECAST,-1.2743445154134576,ON
2023-09-30 00:00:00+00:00,H4_SLEEVE,-0.8336493421638319,OFF
2023-09-30 00:00:00+00:00,CRYPTO_vs_SPX,0.0,ON
2023-10-31 00:00:00+00:00,RISKPAR,-0.5102093475270236,OFF
2023-10-31 00:00:00+00:00,TREND_NEW,-1.1361659772016555,OFF
2023-10-31 00:00:00+00:00,EVE_XAU,3.075843388107531,ON
2023-10-31 00:00:00+00:00,D1REV_UK,-1.0494558274645942,OFF
2023-10-31 00:00:00+00:00,XSMOM,4.29080438577479,ON
2023-10-31 00:00:00+00:00,D1REV_NAS,1.6888672802798907,ON
2023-10-31 00:00:00+00:00,WED_BTC,0.028531874207670675,OFF
2023-10-31 00:00:00+00:00,DEFEND,-2.7345792458863083,ON
2023-10-31 00:00:00+00:00,PAIRS_EXP,1.9359958451869836,ON
2023-10-31 00:00:00+00:00,VOLFORECAST,1.8163008708223831,OFF
2023-10-31 00:00:00+00:00,H4_SLEEVE,-1.830861732373344,OFF
2023-10-31 00:00:00+00:00,CRYPTO_vs_SPX,0.0,ON
2023-11-30 00:00:00+00:00,RISKPAR,5.942738637794201,OFF
2023-11-30 00:00:00+00:00,TREND_NEW,4.638029311295301,OFF
2023-11-30 00:00:00+00:00,EVE_XAU,5.3720507400520106,ON
2023-11-30 00:00:00+00:00,D1REV_UK,-0.8755016257392814,OFF
2023-11-30 00:00:00+00:00,XSMOM,1.1986617107672406,ON
2023-11-30 00:00:00+00:00,D1REV_NAS,0.8719385786074474,ON
2023-11-30 00:00:00+00:00,WED_BTC,3.9667920580320297,OFF
2023-11-30 00:00:00+00:00,DEFEND,-3.0562619083684677,OFF
2023-11-30 00:00:00+00:00,PAIRS_EXP,2.021696925428945,ON
2023-11-30 00:00:00+00:00,VOLFORECAST,5.740865425115104,ON
2023-11-30 00:00:00+00:00,H4_SLEEVE,-1.6404239227556778,OFF
2023-11-30 00:00:00+00:00,CRYPTO_vs_SPX,0.0,ON
2023-12-31 00:00:00+00:00,RISKPAR,6.294910399847019,ON
2023-12-31 00:00:00+00:00,TREND_NEW,7.239978567312488,ON
2023-12-31 00:00:00+00:00,EVE_XAU,6.334030732896414,ON
2023-12-31 00:00:00+00:00,D1REV_UK,1.8104746135042573,OFF
2023-12-31 00:00:00+00:00,XSMOM,0.3576184956069862,ON
2023-12-31 00:00:00+00:00,D1REV_NAS,0.6181572936641357,ON
2023-12-31 00:00:00+00:00,WED_BTC,5.499285912615173,ON
2023-12-31 00:00:00+00:00,DEFEND,0.0,OFF
2023-12-31 00:00:00+00:00,PAIRS_EXP,3.003352516026666,ON
2023-12-31 00:00:00+00:00,VOLFORECAST,6.774606192975901,ON
2023-12-31 00:00:00+00:00,H4_SLEEVE,-1.529534748419889,OFF
2023-12-31 00:00:00+00:00,CRYPTO_vs_SPX,0.0,ON
2024-01-31 00:00:00+00:00,RISKPAR,3.7453429983725237,ON
2024-01-31 00:00:00+00:00,TREND_NEW,4.977881142963901,ON
2024-01-31 00:00:00+00:00,EVE_XAU,8.768773765574178,ON
2024-01-31 00:00:00+00:00,D1REV_UK,-0.8976071531754947,ON
2024-01-31 00:00:00+00:00,XSMOM,-0.6542811615412298,ON
2024-01-31 00:00:00+00:00,D1REV_NAS,0.09537626168811285,ON
2024-01-31 00:00:00+00:00,WED_BTC,0.8265864932232259,ON
2024-01-31 00:00:00+00:00,DEFEND,0.0,OFF
2024-01-31 00:00:00+00:00,PAIRS_EXP,6.353806559292946,ON
2024-01-31 00:00:00+00:00,VOLFORECAST,4.546477336913224,ON
2024-01-31 00:00:00+00:00,H4_SLEEVE,-2.7068244945163857,OFF
2024-01-31 00:00:00+00:00,CRYPTO_vs_SPX,0.0,ON
2024-02-29 00:00:00+00:00,RISKPAR,6.39150833727239,ON
2024-02-29 00:00:00+00:00,TREND_NEW,7.619090700768852,ON
2024-02-29 00:00:00+00:00,EVE_XAU,4.895154412916817,ON
2024-02-29 00:00:00+00:00,D1REV_UK,-0.7036252705345613,ON
2024-02-29 00:00:00+00:00,XSMOM,-1.3247342442258816,ON
2024-02-29 00:00:00+00:00,D1REV_NAS,-0.9930391923095341,ON
2024-02-29 00:00:00+00:00,WED_BTC,2.083831595064706,ON
2024-02-29 00:00:00+00:00,DEFEND,0.0,OFF
2024-02-29 00:00:00+00:00,PAIRS_EXP,0.7366123014323864,ON
2024-02-29 00:00:00+00:00,VOLFORECAST,7.65679815536332,ON
2024-02-29 00:00:00+00:00,H4_SLEEVE,-1.934375253698377,OFF
2024-02-29 00:00:00+00:00,CRYPTO_vs_SPX,0.0,ON
2024-03-31 00:00:00+00:00,RISKPAR,7.956146131006986,ON
2024-03-31 00:00:00+00:00,TREND_NEW,7.224239015138054,ON
2024-03-31 00:00:00+00:00,EVE_XAU,1.1372209777037057,ON
2024-03-31 00:00:00+00:00,D1REV_UK,-0.7435218452532302,OFF
2024-03-31 00:00:00+00:00,XSMOM,3.919227810134931,OFF
2024-03-31 00:00:00+00:00,D1REV_NAS,1.393458821735481,ON
2024-03-31 00:00:00+00:00,WED_BTC,4.771854427501544,ON
2024-03-31 00:00:00+00:00,DEFEND,0.0,OFF
2024-03-31 00:00:00+00:00,PAIRS_EXP,0.971872748447954,ON
2024-03-31 00:00:00+00:00,VOLFORECAST,9.590095593360893,ON
2024-03-31 00:00:00+00:00,H4_SLEEVE,-1.883381140844733,OFF
2024-03-31 00:00:00+00:00,CRYPTO_vs_SPX,0.0,ON
2024-04-30 00:00:00+00:00,RISKPAR,2.615366799840979,ON
2024-04-30 00:00:00+00:00,TREND_NEW,-0.44260349763149376,ON
2024-04-30 00:00:00+00:00,EVE_XAU,2.0108659156831092,ON
2024-04-30 00:00:00+00:00,D1REV_UK,-2.2645684192458706,OFF
2024-04-30 00:00:00+00:00,XSMOM,4.990117554134415,ON
2024-04-30 00:00:00+00:00,D1REV_NAS,1.5885293362255368,ON
2024-04-30 00:00:00+00:00,WED_BTC,3.075248304487824,ON
2024-04-30 00:00:00+00:00,DEFEND,-2.4646455303593795,OFF
2024-04-30 00:00:00+00:00,PAIRS_EXP,2.0667772952472867,ON
2024-04-30 00:00:00+00:00,VOLFORECAST,3.466623823910949,ON
2024-04-30 00:00:00+00:00,H4_SLEEVE,-3.7911477026374203,OFF
2024-04-30 00:00:00+00:00,CRYPTO_vs_SPX,0.0,ON
2024-05-31 00:00:00+00:00,RISKPAR,1.1774273002544207,ON
2024-05-31 00:00:00+00:00,TREND_NEW,-1.63767931786729,ON
2024-05-31 00:00:00+00:00,EVE_XAU,3.405092501601059,ON
2024-05-31 00:00:00+00:00,D1REV_UK,-4.299458492183577,OFF
2024-05-31 00:00:00+00:00,XSMOM,0.23596886459414035,ON
2024-05-31 00:00:00+00:00,D1REV_NAS,-1.1593357340286548,ON
2024-05-31 00:00:00+00:00,WED_BTC,-1.3189499528310935,ON
2024-05-31 00:00:00+00:00,DEFEND,-2.46464553035938,OFF
2024-05-31 00:00:00+00:00,PAIRS_EXP,0.2000270133904043,ON
2024-05-31 00:00:00+00:00,VOLFORECAST,1.4202225745570456,ON
2024-05-31 00:00:00+00:00,H4_SLEEVE,-5.207916334027119,OFF
2024-05-31 00:00:00+00:00,CRYPTO_vs_SPX,1.775910626762093,ON
2024-06-30 00:00:00+00:00,RISKPAR,3.0512656162990885,ON
2024-06-30 00:00:00+00:00,TREND_NEW,2.243818989479421,OFF
2024-06-30 00:00:00+00:00,EVE_XAU,0.4366467565340063,ON
2024-06-30 00:00:00+00:00,D1REV_UK,-0.23578538077680308,OFF
2024-06-30 00:00:00+00:00,XSMOM,-2.0665549118598046,ON
2024-06-30 00:00:00+00:00,D1REV_NAS,-3.462834915599124,ON
2024-06-30 00:00:00+00:00,WED_BTC,-0.28701954035794924,ON
2024-06-30 00:00:00+00:00,DEFEND,0.0,OFF
2024-06-30 00:00:00+00:00,PAIRS_EXP,-2.2495701956962804,ON
2024-06-30 00:00:00+00:00,VOLFORECAST,2.735539336038916,ON
2024-06-30 00:00:00+00:00,H4_SLEEVE,-4.273487771880143,OFF
2024-06-30 00:00:00+00:00,CRYPTO_vs_SPX,1.7759106267620923,ON
2024-07-31 00:00:00+00:00,RISKPAR,1.078457696330534,ON
2024-07-31 00:00:00+00:00,TREND_NEW,0.5914873781637601,ON
2024-07-31 00:00:00+00:00,EVE_XAU,-4.935708841424006,ON
2024-07-31 00:00:00+00:00,D1REV_UK,2.863942725672704,OFF
2024-07-31 00:00:00+00:00,XSMOM,1.6740524540979864,ON
2024-07-31 00:00:00+00:00,D1REV_NAS,2.9637134941319196,OFF
2024-07-31 00:00:00+00:00,WED_BTC,-4.438422108453146,OFF
2024-07-31 00:00:00+00:00,DEFEND,0.0,OFF
2024-07-31 00:00:00+00:00,PAIRS_EXP,3.1444456289359035,ON
2024-07-31 00:00:00+00:00,VOLFORECAST,0.3726744007474719,ON
2024-07-31 00:00:00+00:00,H4_SLEEVE,-2.538096355179471,OFF
2024-07-31 00:00:00+00:00,CRYPTO_vs_SPX,0.0,ON
2024-08-31 00:00:00+00:00,RISKPAR,0.4703564071785717,ON
2024-08-31 00:00:00+00:00,TREND_NEW,0.3384230387786941,ON
2024-08-31 00:00:00+00:00,EVE_XAU,-3.7950452158961427,ON
2024-08-31 00:00:00+00:00,D1REV_UK,-1.120038709617987,ON
2024-08-31 00:00:00+00:00,XSMOM,4.382564911443914,ON
2024-08-31 00:00:00+00:00,D1REV_NAS,3.32323252630696,ON
2024-08-31 00:00:00+00:00,WED_BTC,-4.005302720585586,OFF
2024-08-31 00:00:00+00:00,DEFEND,3.235321478137684,OFF
2024-08-31 00:00:00+00:00,PAIRS_EXP,0.5220381211043463,ON
2024-08-31 00:00:00+00:00,VOLFORECAST,-0.7362010700999484,ON
2024-08-31 00:00:00+00:00,H4_SLEEVE,1.438799041154125,OFF
2024-08-31 00:00:00+00:00,CRYPTO_vs_SPX,0.0,ON
2024-09-30 00:00:00+00:00,RISKPAR,0.42329082648856786,ON
2024-09-30 00:00:00+00:00,TREND_NEW,-0.21845464015321442,ON
2024-09-30 00:00:00+00:00,EVE_XAU,-3.597291887527179,OFF
2024-09-30 00:00:00+00:00,D1REV_UK,1.6902420859588898,ON
2024-09-30 00:00:00+00:00,XSMOM,4.086136405717123,ON
2024-09-30 00:00:00+00:00,D1REV_NAS,2.1956360634430387,ON
2024-09-30 00:00:00+00:00,WED_BTC,-1.4979122999702157,OFF
2024-09-30 00:00:00+00:00,DEFEND,3.235321478137684,ON
2024-09-30 00:00:00+00:00,PAIRS_EXP,-0.5512031247686013,ON
2024-09-30 00:00:00+00:00,VOLFORECAST,1.2552555731223716,ON
2024-09-30 00:00:00+00:00,H4_SLEEVE,0.21237687965306484,ON
2024-09-30 00:00:00+00:00,CRYPTO_vs_SPX,0.0,ON
2024-10-31 00:00:00+00:00,RISKPAR,1.3256361335666857,ON
2024-10-31 00:00:00+00:00,TREND_NEW,-0.3779879400268277,ON
2024-10-31 00:00:00+00:00,EVE_XAU,-0.48930463028539534,OFF
2024-10-31 00:00:00+00:00,D1REV_UK,6.8228621086251895,ON
2024-10-31 00:00:00+00:00,XSMOM,3.0683545488797086,ON
2024-10-31 00:00:00+00:00,D1REV_NAS,0.304104595603343,ON
2024-10-31 00:00:00+00:00,WED_BTC,-1.9597070264725087,OFF
2024-10-31 00:00:00+00:00,DEFEND,0.0,ON
2024-10-31 00:00:00+00:00,PAIRS_EXP,0.0621439909652277,ON
2024-10-31 00:00:00+00:00,VOLFORECAST,2.581237123601929,ON
2024-10-31 00:00:00+00:00,H4_SLEEVE,-2.0812293439890404,ON
2024-10-31 00:00:00+00:00,CRYPTO_vs_SPX,0.0,ON
2024-11-30 00:00:00+00:00,RISKPAR,2.494452731913368,ON
2024-11-30 00:00:00+00:00,TREND_NEW,2.326131046984674,OFF
2024-11-30 00:00:00+00:00,EVE_XAU,-0.44583046469976384,OFF
2024-11-30 00:00:00+00:00,D1REV_UK,3.0056901450048468,ON
2024-11-30 00:00:00+00:00,XSMOM,-1.2090767555327435,ON
2024-11-30 00:00:00+00:00,D1REV_NAS,-0.9766836038326979,ON
2024-11-30 00:00:00+00:00,WED_BTC,3.0695389200120475,OFF
2024-11-30 00:00:00+00:00,DEFEND,0.0,ON
2024-11-30 00:00:00+00:00,PAIRS_EXP,2.835505858651893,ON
2024-11-30 00:00:00+00:00,VOLFORECAST,1.9631895169044702,ON
2024-11-30 00:00:00+00:00,H4_SLEEVE,-2.9791988783988748,ON
2024-11-30 00:00:00+00:00,CRYPTO_vs_SPX,0.0,ON
2024-12-31 00:00:00+00:00,RISKPAR,0.24409925827526682,ON
2024-12-31 00:00:00+00:00,TREND_NEW,0.44615015147981635,ON
2024-12-31 00:00:00+00:00,EVE_XAU,1.3898927684331424,OFF
2024-12-31 00:00:00+00:00,D1REV_UK,1.097454318507523,ON
2024-12-31 00:00:00+00:00,XSMOM,-1.3058474737617263,ON
2024-12-31 00:00:00+00:00,D1REV_NAS,-5.592288887117278,ON
2024-12-31 00:00:00+00:00,WED_BTC,3.6368072507404183,ON
2024-12-31 00:00:00+00:00,DEFEND,0.0,ON
2024-12-31 00:00:00+00:00,PAIRS_EXP,-2.7801338919555723,ON
2024-12-31 00:00:00+00:00,VOLFORECAST,1.2005461441627592,ON
2024-12-31 00:00:00+00:00,H4_SLEEVE,-1.3135942435047852,OFF
2024-12-31 00:00:00+00:00,CRYPTO_vs_SPX,0.0,ON
2025-01-31 00:00:00+00:00,RISKPAR,0.3502329232797876,ON
2025-01-31 00:00:00+00:00,TREND_NEW,-0.7676675840680319,ON
2025-01-31 00:00:00+00:00,EVE_XAU,1.978953991686534,ON
2025-01-31 00:00:00+00:00,D1REV_UK,1.0730411711077807,ON
2025-01-31 00:00:00+00:00,XSMOM,-0.2559120868906463,OFF
2025-01-31 00:00:00+00:00,D1REV_NAS,-2.87292922448283,OFF
2025-01-31 00:00:00+00:00,WED_BTC,1.2735302395159684,ON
2025-01-31 00:00:00+00:00,DEFEND,0.0,ON
2025-01-31 00:00:00+00:00,PAIRS_EXP,-0.5062097104222637,ON
2025-01-31 00:00:00+00:00,VOLFORECAST,2.5290075806732544,ON
2025-01-31 00:00:00+00:00,H4_SLEEVE,2.629451118041629,OFF
2025-01-31 00:00:00+00:00,CRYPTO_vs_SPX,0.0,ON
2025-02-28 00:00:00+00:00,RISKPAR,-0.20490154190325965,ON
2025-02-28 00:00:00+00:00,TREND_NEW,-1.433928377994814,ON
2025-02-28 00:00:00+00:00,EVE_XAU,2.657572096108915,ON
2025-02-28 00:00:00+00:00,D1REV_UK,-1.1386599779856337,ON
2025-02-28 00:00:00+00:00,XSMOM,0.04027893614111116,OFF
2025-02-28 00:00:00+00:00,D1REV_NAS,-1.1616619964933286,OFF
2025-02-28 00:00:00+00:00,WED_BTC,-0.1776724290803627,ON
2025-02-28 00:00:00+00:00,DEFEND,0.0,ON
2025-02-28 00:00:00+00:00,PAIRS_EXP,-0.6914421682065339,OFF
2025-02-28 00:00:00+00:00,VOLFORECAST,-0.6188956252184158,ON
2025-02-28 00:00:00+00:00,H4_SLEEVE,2.6260046920176414,ON
2025-02-28 00:00:00+00:00,CRYPTO_vs_SPX,0.0,ON
2025-03-31 00:00:00+00:00,RISKPAR,-1.796647782680613,ON
2025-03-31 00:00:00+00:00,TREND_NEW,-4.005932796955136,OFF
2025-03-31 00:00:00+00:00,EVE_XAU,1.0141261429417983,ON
2025-03-31 00:00:00+00:00,D1REV_UK,0.9419940486153752,ON
2025-03-31 00:00:00+00:00,XSMOM,1.7783515822366924,OFF
2025-03-31 00:00:00+00:00,D1REV_NAS,3.7086370918572586,OFF
2025-03-31 00:00:00+00:00,WED_BTC,2.102581730725043,ON
2025-03-31 00:00:00+00:00,DEFEND,6.798536150723339,ON
2025-03-31 00:00:00+00:00,PAIRS_EXP,0.0,OFF
2025-03-31 00:00:00+00:00,VOLFORECAST,-1.4490639612055856,ON
2025-03-31 00:00:00+00:00,H4_SLEEVE,0.9421417858169844,ON
2025-03-31 00:00:00+00:00,CRYPTO_vs_SPX,0.0,ON
2025-04-30 00:00:00+00:00,RISKPAR,-1.2073675043581975,OFF
2025-04-30 00:00:00+00:00,TREND_NEW,-4.388839967826763,OFF
2025-04-30 00:00:00+00:00,EVE_XAU,0.8323477632333299,ON
2025-04-30 00:00:00+00:00,D1REV_UK,0.4590788324908707,ON
2025-04-30 00:00:00+00:00,XSMOM,1.738303176801882,ON
2025-04-30 00:00:00+00:00,D1REV_NAS,2.9664894799952353,ON
2025-04-30 00:00:00+00:00,WED_BTC,2.9161050972497424,ON
2025-04-30 00:00:00+00:00,DEFEND,2.312870360016246,ON
2025-04-30 00:00:00+00:00,PAIRS_EXP,0.0,OFF
2025-04-30 00:00:00+00:00,VOLFORECAST,0.5540617351506059,OFF
2025-04-30 00:00:00+00:00,H4_SLEEVE,5.204977863000671,ON
2025-04-30 00:00:00+00:00,CRYPTO_vs_SPX,0.0,ON
2025-05-31 00:00:00+00:00,RISKPAR,-0.11854056272381507,OFF
2025-05-31 00:00:00+00:00,TREND_NEW,-2.396399380215024,OFF
2025-05-31 00:00:00+00:00,EVE_XAU,0.38719779889924344,ON
2025-05-31 00:00:00+00:00,D1REV_UK,0.5106296455681552,ON
2025-05-31 00:00:00+00:00,XSMOM,-0.11850226401614883,ON
2025-05-31 00:00:00+00:00,D1REV_NAS,1.6981952129116973,ON
2025-05-31 00:00:00+00:00,WED_BTC,0.3639048618394422,ON
2025-05-31 00:00:00+00:00,DEFEND,0.5345429776847118,ON
2025-05-31 00:00:00+00:00,PAIRS_EXP,0.0,OFF
2025-05-31 00:00:00+00:00,VOLFORECAST,1.7813430292378893,ON
2025-05-31 00:00:00+00:00,H4_SLEEVE,6.7371934211038225,ON
2025-05-31 00:00:00+00:00,CRYPTO_vs_SPX,0.35251016553600517,ON
2025-06-30 00:00:00+00:00,RISKPAR,4.1269067625391065,OFF
2025-06-30 00:00:00+00:00,TREND_NEW,0.6508492480937477,OFF
2025-06-30 00:00:00+00:00,EVE_XAU,0.8204720144854527,ON
2025-06-30 00:00:00+00:00,D1REV_UK,2.6974265228271657,ON
2025-06-30 00:00:00+00:00,XSMOM,0.49702613050917016,ON
2025-06-30 00:00:00+00:00,D1REV_NAS,-1.354911237541093,ON
2025-06-30 00:00:00+00:00,WED_BTC,-1.1923484217509666,ON
2025-06-30 00:00:00+00:00,DEFEND,1.3069902948425804,ON
2025-06-30 00:00:00+00:00,PAIRS_EXP,0.0,OFF
2025-06-30 00:00:00+00:00,VOLFORECAST,3.531243444803215,ON
2025-06-30 00:00:00+00:00,H4_SLEEVE,2.7514176330187485,ON
2025-06-30 00:00:00+00:00,CRYPTO_vs_SPX,0.8971327079289789,ON
2025-07-31 00:00:00+00:00,RISKPAR,2.4811235006128927,ON
2025-07-31 00:00:00+00:00,TREND_NEW,1.8948193178921702,ON
2025-07-31 00:00:00+00:00,EVE_XAU,2.7001407682775476,ON
2025-07-31 00:00:00+00:00,D1REV_UK,2.303319759066096,ON
2025-07-31 00:00:00+00:00,XSMOM,2.419114738651759,ON
2025-07-31 00:00:00+00:00,D1REV_NAS,1.4602308492152614,ON
2025-07-31 00:00:00+00:00,WED_BTC,1.8139572486115734,ON
2025-07-31 00:00:00+00:00,DEFEND,0.0,ON
2025-07-31 00:00:00+00:00,PAIRS_EXP,3.85483038681682,OFF
2025-07-31 00:00:00+00:00,VOLFORECAST,3.484481718445994,ON
2025-07-31 00:00:00+00:00,H4_SLEEVE,-0.21608477405910195,ON
2025-07-31 00:00:00+00:00,CRYPTO_vs_SPX,2.702957089148328,ON
2025-08-31 00:00:00+00:00,RISKPAR,2.6393248347439697,ON
2025-08-31 00:00:00+00:00,TREND_NEW,2.7379434396445683,ON
2025-08-31 00:00:00+00:00,EVE_XAU,0.36309506425081345,ON
2025-08-31 00:00:00+00:00,D1REV_UK,1.8562077717109375,ON
2025-08-31 00:00:00+00:00,XSMOM,4.884187707449507,ON
2025-08-31 00:00:00+00:00,D1REV_NAS,4.629068967141396,ON
2025-08-31 00:00:00+00:00,WED_BTC,4.09218950600805,ON
2025-08-31 00:00:00+00:00,DEFEND,0.0,ON
2025-08-31 00:00:00+00:00,PAIRS_EXP,3.85483038681682,ON
2025-08-31 00:00:00+00:00,VOLFORECAST,4.441644046465135,ON
2025-08-31 00:00:00+00:00,H4_SLEEVE,-2.356447237877854,ON
2025-08-31 00:00:00+00:00,CRYPTO_vs_SPX,2.0010398268072227,ON
2025-09-30 00:00:00+00:00,RISKPAR,4.354186797141524,ON
2025-09-30 00:00:00+00:00,TREND_NEW,2.3020305233920797,ON
2025-09-30 00:00:00+00:00,EVE_XAU,1.6875365224662506,ON
2025-09-30 00:00:00+00:00,D1REV_UK,0.21927767081759286,ON
2025-09-30 00:00:00+00:00,XSMOM,6.8715207650206525,ON
2025-09-30 00:00:00+00:00,D1REV_NAS,2.2787079246870334,ON
2025-09-30 00:00:00+00:00,WED_BTC,4.251002603498156,ON
2025-09-30 00:00:00+00:00,DEFEND,0.0,ON
2025-09-30 00:00:00+00:00,PAIRS_EXP,0.0,ON
2025-09-30 00:00:00+00:00,VOLFORECAST,4.282328332731128,ON
2025-09-30 00:00:00+00:00,H4_SLEEVE,-2.3268885960003245,OFF
2025-09-30 00:00:00+00:00,CRYPTO_vs_SPX,1.4661040829196497,ON
2025-10-31 00:00:00+00:00,RISKPAR,3.328074312651755,ON
2025-10-31 00:00:00+00:00,TREND_NEW,2.199767022622144,ON
2025-10-31 00:00:00+00:00,EVE_XAU,3.42802952039377,ON
2025-10-31 00:00:00+00:00,D1REV_UK,-2.163177391518514,ON
2025-10-31 00:00:00+00:00,XSMOM,-1.1169171072874424,ON
2025-10-31 00:00:00+00:00,D1REV_NAS,0.6994980119710753,ON
2025-10-31 00:00:00+00:00,WED_BTC,1.1921593364627958,ON
2025-10-31 00:00:00+00:00,DEFEND,0.0,ON
2025-10-31 00:00:00+00:00,PAIRS_EXP,0.0,ON
2025-10-31 00:00:00+00:00,VOLFORECAST,4.64797704974728,ON
2025-10-31 00:00:00+00:00,H4_SLEEVE,-2.958147491104431,OFF
2025-10-31 00:00:00+00:00,CRYPTO_vs_SPX,-0.001241243693625493,ON
2025-11-30 00:00:00+00:00,RISKPAR,0.8660198185515695,ON
2025-11-30 00:00:00+00:00,TREND_NEW,0.038252193705408014,ON
2025-11-30 00:00:00+00:00,EVE_XAU,3.893160090950399,ON
2025-11-30 00:00:00+00:00,D1REV_UK,-2.7555079569951233,ON
2025-11-30 00:00:00+00:00,XSMOM,-0.304239383813815,ON
2025-11-30 00:00:00+00:00,D1REV_NAS,3.275327824287193,ON
2025-11-30 00:00:00+00:00,WED_BTC,0.8478425493077423,ON
2025-11-30 00:00:00+00:00,DEFEND,0.0,ON
2025-11-30 00:00:00+00:00,PAIRS_EXP,3.398610464078625,ON
2025-11-30 00:00:00+00:00,VOLFORECAST,2.3214564808367406,ON
2025-11-30 00:00:00+00:00,H4_SLEEVE,0.11415316341944946,OFF
2025-11-30 00:00:00+00:00,CRYPTO_vs_SPX,-3.2969552264973236,ON
2025-12-31 00:00:00+00:00,RISKPAR,0.817737167946853,ON
2025-12-31 00:00:00+00:00,TREND_NEW,-1.917356518909977,ON
2025-12-31 00:00:00+00:00,EVE_XAU,4.027897649007283,ON
2025-12-31 00:00:00+00:00,D1REV_UK,-0.11498056303144477,OFF
2025-12-31 00:00:00+00:00,XSMOM,1.6560896362869855,OFF
2025-12-31 00:00:00+00:00,D1REV_NAS,2.077326461710209,ON
2025-12-31 00:00:00+00:00,WED_BTC,0.5071092749267373,ON
2025-12-31 00:00:00+00:00,DEFEND,0.0,ON
2025-12-31 00:00:00+00:00,PAIRS_EXP,1.0366775609867822,ON
2025-12-31 00:00:00+00:00,VOLFORECAST,1.2042969259366834,ON
2025-12-31 00:00:00+00:00,H4_SLEEVE,1.2522607421202259,OFF
2025-12-31 00:00:00+00:00,CRYPTO_vs_SPX,-2.967656888420716,OFF
2026-01-31 00:00:00+00:00,RISKPAR,1.9083518536037742,ON
2026-01-31 00:00:00+00:00,TREND_NEW,0.9536046570718376,ON
2026-01-31 00:00:00+00:00,EVE_XAU,4.360664399030211,ON
2026-01-31 00:00:00+00:00,D1REV_UK,1.3749023169417482,OFF
2026-01-31 00:00:00+00:00,XSMOM,2.318142509073589,ON
2026-01-31 00:00:00+00:00,D1REV_NAS,-2.9006717482675493,ON
2026-01-31 00:00:00+00:00,WED_BTC,-0.8173050362214904,ON
2026-01-31 00:00:00+00:00,DEFEND,0.0,ON
2026-01-31 00:00:00+00:00,PAIRS_EXP,-0.41441965172613543,ON
2026-01-31 00:00:00+00:00,VOLFORECAST,-0.7660467989455204,ON
2026-01-31 00:00:00+00:00,H4_SLEEVE,-2.8232267881130824,ON
2026-01-31 00:00:00+00:00,CRYPTO_vs_SPX,0.3467235955967271,OFF
2026-02-28 00:00:00+00:00,RISKPAR,0.024469416809256513,ON
2026-02-28 00:00:00+00:00,TREND_NEW,1.8077675626907364,ON
2026-02-28 00:00:00+00:00,EVE_XAU,2.6005428358348683,ON
2026-02-28 00:00:00+00:00,D1REV_UK,3.0726608795847707,ON
2026-02-28 00:00:00+00:00,XSMOM,0.6573582678334089,ON
2026-02-28 00:00:00+00:00,D1REV_NAS,-0.13687235386706043,ON
2026-02-28 00:00:00+00:00,WED_BTC,-0.8532644469943003,ON
2026-02-28 00:00:00+00:00,DEFEND,0.0,ON
2026-02-28 00:00:00+00:00,PAIRS_EXP,0.7180171865612202,ON
2026-02-28 00:00:00+00:00,VOLFORECAST,-0.08784809910764785,ON
2026-02-28 00:00:00+00:00,H4_SLEEVE,1.7542928907107644,ON
2026-02-28 00:00:00+00:00,CRYPTO_vs_SPX,5.275371464597174,OFF
2026-03-31 00:00:00+00:00,RISKPAR,-3.0331961303569535,ON
2026-03-31 00:00:00+00:00,TREND_NEW,-0.8573687855361797,ON
2026-03-31 00:00:00+00:00,EVE_XAU,4.276537749223351,ON
2026-03-31 00:00:00+00:00,D1REV_UK,-1.7330400302876277,ON
2026-03-31 00:00:00+00:00,XSMOM,-1.6490361721934612,ON
2026-03-31 00:00:00+00:00,D1REV_NAS,2.0738148699013563,OFF
2026-03-31 00:00:00+00:00,WED_BTC,0.4399800076765887,OFF
2026-03-31 00:00:00+00:00,DEFEND,-0.8853006385679137,ON
2026-03-31 00:00:00+00:00,PAIRS_EXP,3.865482314160067,ON
2026-03-31 00:00:00+00:00,VOLFORECAST,-1.116167998315645,OFF
2026-03-31 00:00:00+00:00,H4_SLEEVE,6.4444017809036085,ON
2026-03-31 00:00:00+00:00,CRYPTO_vs_SPX,0.0,ON
2026-04-30 00:00:00+00:00,RISKPAR,-0.5461344471174621,ON
2026-04-30 00:00:00+00:00,TREND_NEW,-0.7675295797296627,ON
2026-04-30 00:00:00+00:00,EVE_XAU,6.857214663433913,ON
2026-04-30 00:00:00+00:00,D1REV_UK,-2.5249520361854416,ON
2026-04-30 00:00:00+00:00,XSMOM,2.5485746351591327,ON
2026-04-30 00:00:00+00:00,D1REV_NAS,0.5016753710920134,ON
2026-04-30 00:00:00+00:00,WED_BTC,1.3531502682063852,OFF
2026-04-30 00:00:00+00:00,DEFEND,-0.8853006385679134,ON
2026-04-30 00:00:00+00:00,PAIRS_EXP,3.1980973442619454,ON
2026-04-30 00:00:00+00:00,VOLFORECAST,-1.6098920692221546,OFF
2026-04-30 00:00:00+00:00,H4_SLEEVE,5.304413321492174,ON
2026-04-30 00:00:00+00:00,CRYPTO_vs_SPX,0.0,ON
