ts,corr_90d_d1
2020-06-09 00:00:00+00:00,-0.24296447130586402
2020-06-10 00:00:00+00:00,-0.24166366078462617
2020-06-11 00:00:00+00:00,-0.24269129439495365
2020-06-15 00:00:00+00:00,-0.2447947258092805
2020-06-16 00:00:00+00:00,-0.2445268399121526
2020-06-17 00:00:00+00:00,-0.24545697380578152
2020-06-18 00:00:00+00:00,-0.24400267154643898
2020-06-22 00:00:00+00:00,-0.2463373979410456
2020-06-23 00:00:00+00:00,-0.2440904301580945
2020-06-24 00:00:00+00:00,-0.24534983684817702
2020-06-25 00:00:00+00:00,-0.24312032646601073
2020-06-29 00:00:00+00:00,-0.24258393815196083
2020-06-30 00:00:00+00:00,-0.2426816878561396
2020-07-01 00:00:00+00:00,-0.24529852182360032
2020-07-02 00:00:00+00:00,-0.2475161026998912
2020-07-06 00:00:00+00:00,-0.24847833453144832
2020-07-07 00:00:00+00:00,-0.24865646167316374
2020-07-08 00:00:00+00:00,-0.2477998788230497
2020-07-09 00:00:00+00:00,-0.24890770569712864
2020-07-13 00:00:00+00:00,-0.24868902203703624
2020-07-14 00:00:00+00:00,-0.2501482234343474
2020-07-15 00:00:00+00:00,-0.24913355307348337
2020-07-16 00:00:00+00:00,-0.2492853152061405
2020-07-20 00:00:00+00:00,-0.2511707180207506
2020-07-21 00:00:00+00:00,-0.25030905592133695
2020-07-22 00:00:00+00:00,-0.2506456981834811
2020-07-23 00:00:00+00:00,-0.2517219844651944
2020-07-27 00:00:00+00:00,-0.2540441642532046
2020-07-28 00:00:00+00:00,-0.2584076691453332
2020-07-29 00:00:00+00:00,-0.2584841504244723
2020-07-30 00:00:00+00:00,-0.2662367494231462
2020-08-03 00:00:00+00:00,-0.2701278506515862
2020-08-04 00:00:00+00:00,-0.29810386491029667
2020-08-05 00:00:00+00:00,-0.29575743364663376
2020-08-06 00:00:00+00:00,-0.29170753748443734
2020-08-10 00:00:00+00:00,-0.28943879514461585
2020-08-11 00:00:00+00:00,-0.2947203149419314
2020-08-12 00:00:00+00:00,-0.29243831295579165
2020-08-13 00:00:00+00:00,-0.2920935558769042
2020-08-17 00:00:00+00:00,-0.30147992887682656
2020-08-18 00:00:00+00:00,-0.3421563420825527
2020-08-19 00:00:00+00:00,-0.052911064905053505
2020-08-20 00:00:00+00:00,-0.023244059353002847
2020-08-24 00:00:00+00:00,-0.0036597184491173195
2020-08-25 00:00:00+00:00,-0.009309692869349887
2020-08-26 00:00:00+00:00,0.0702774405991375
2020-08-27 00:00:00+00:00,-0.09435189025771962
2020-08-31 00:00:00+00:00,-0.10316542451235604
2020-09-01 00:00:00+00:00,-0.08298806965518891
2020-09-02 00:00:00+00:00,-0.0438218034988486
2020-09-03 00:00:00+00:00,0.02634531772399874
2020-09-07 00:00:00+00:00,0.020258978716972426
2020-09-08 00:00:00+00:00,-0.003474315519794674
2020-09-09 00:00:00+00:00,0.0007122977321704036
2020-09-10 00:00:00+00:00,0.00864221572348635
2020-09-14 00:00:00+00:00,0.032198095242758976
2020-09-15 00:00:00+00:00,0.02610044858187405
2020-09-16 00:00:00+00:00,0.03518374121262275
2020-09-17 00:00:00+00:00,0.03640026094715598
2020-09-21 00:00:00+00:00,0.04770866468869638
2020-09-22 00:00:00+00:00,0.02419037210431801
2020-09-23 00:00:00+00:00,-0.011774982569636862
2020-09-24 00:00:00+00:00,0.0037484047659218415
2020-09-28 00:00:00+00:00,0.0075147784434198405
2020-09-29 00:00:00+00:00,-0.009194821226914713
2020-09-30 00:00:00+00:00,-0.011168602893110138
2020-10-01 00:00:00+00:00,-0.00019963426769283526
2020-10-05 00:00:00+00:00,0.08165558782834664
2020-10-06 00:00:00+00:00,0.054905383029903276
2020-10-07 00:00:00+00:00,0.05757528641669805
2020-10-08 00:00:00+00:00,0.06545083936779672
2020-10-12 00:00:00+00:00,0.05892312779031153
2020-10-13 00:00:00+00:00,0.023492450906451377
2020-10-14 00:00:00+00:00,0.006205204335834524
2020-10-15 00:00:00+00:00,0.01170618682715792
2020-10-19 00:00:00+00:00,-0.005971523350283822
2020-10-20 00:00:00+00:00,-0.009074696818447166
2020-10-21 00:00:00+00:00,0.003647071130965548
2020-10-22 00:00:00+00:00,0.0029691965887799305
2020-10-26 00:00:00+00:00,-0.008123350342006938
2020-10-27 00:00:00+00:00,-0.03186805945911187
2020-10-28 00:00:00+00:00,-0.03334147982211542
2020-10-29 00:00:00+00:00,-0.028520639503550455
2020-11-02 00:00:00+00:00,-0.03919759672391482
2020-11-03 00:00:00+00:00,-0.022590292514675567
2020-11-04 00:00:00+00:00,-0.03820797611120979
2020-11-05 00:00:00+00:00,-0.010663335284447243
2020-11-09 00:00:00+00:00,-0.010212582982483705
2020-11-10 00:00:00+00:00,-0.01815301488308155
2020-11-11 00:00:00+00:00,-0.024382429203976135
2020-11-12 00:00:00+00:00,-0.012180219662544027
2020-11-16 00:00:00+00:00,-0.01068405397252671
2020-11-17 00:00:00+00:00,-0.017863936917802456
2020-11-18 00:00:00+00:00,-0.01968644505845504
2020-11-19 00:00:00+00:00,-0.01883086235100965
2020-11-23 00:00:00+00:00,-0.024337723873210915
2020-11-24 00:00:00+00:00,-0.03483429184507252
2020-11-25 00:00:00+00:00,-0.031416168055867416
2020-11-26 00:00:00+00:00,-0.05249301688992461
2020-11-30 00:00:00+00:00,-0.0255828479776109
2020-12-01 00:00:00+00:00,-0.038151974794519816
2020-12-02 00:00:00+00:00,-0.04029864890938179
2020-12-03 00:00:00+00:00,-0.03776108951147227
2020-12-07 00:00:00+00:00,-0.0402535718194712
2020-12-08 00:00:00+00:00,-0.02704352075500737
2020-12-09 00:00:00+00:00,-0.018775795167216395
2020-12-10 00:00:00+00:00,-0.013178241171018538
2020-12-14 00:00:00+00:00,-0.00937173931874773
2020-12-15 00:00:00+00:00,0.0006823710770634526
2020-12-16 00:00:00+00:00,0.019754281327285645
2020-12-17 00:00:00+00:00,0.02237763147327219
2020-12-21 00:00:00+00:00,0.022647624145181365
2020-12-22 00:00:00+00:00,0.0273613069567059
2020-12-23 00:00:00+00:00,0.02633910608028262
2020-12-28 00:00:00+00:00,0.0226027774553232
2020-12-29 00:00:00+00:00,0.02508010244311394
2020-12-30 00:00:00+00:00,0.033297393313541084
2021-01-04 00:00:00+00:00,0.05239669097932125
2021-01-05 00:00:00+00:00,0.07240045202173678
2021-01-06 00:00:00+00:00,0.0947352068514888
2021-01-07 00:00:00+00:00,0.10399270536527896
2021-01-11 00:00:00+00:00,0.10260100776872356
2021-01-12 00:00:00+00:00,0.09972238435347358
2021-01-13 00:00:00+00:00,0.07655202464838202
2021-01-14 00:00:00+00:00,0.06191858085369681
2021-01-18 00:00:00+00:00,0.065817419841007
2021-01-19 00:00:00+00:00,0.06991545407037712
2021-01-20 00:00:00+00:00,0.06956084186031168
2021-01-21 00:00:00+00:00,0.08505733927662432
2021-01-25 00:00:00+00:00,0.08428068833907038
2021-01-26 00:00:00+00:00,0.07503497510834516
2021-01-27 00:00:00+00:00,0.06011913499454232
2021-01-28 00:00:00+00:00,0.01613006883875729
2021-02-01 00:00:00+00:00,0.018175935288869353
2021-02-02 00:00:00+00:00,0.029454884369946484
2021-02-03 00:00:00+00:00,0.0389622980706803
2021-02-04 00:00:00+00:00,0.03854314364892404
2021-02-08 00:00:00+00:00,0.03707737611357518
2021-02-09 00:00:00+00:00,0.033885943337073454
2021-02-10 00:00:00+00:00,-0.006162221249178983
2021-02-11 00:00:00+00:00,-0.042221168575705965
2021-02-15 00:00:00+00:00,-0.04069985560309252
2021-02-16 00:00:00+00:00,-0.02630406490333728
2021-02-17 00:00:00+00:00,-0.03441688099551681
2021-02-18 00:00:00+00:00,-0.031888579949976625
2021-02-22 00:00:00+00:00,-0.03273984772661498
2021-02-23 00:00:00+00:00,-0.06294771854634859
2021-02-24 00:00:00+00:00,-0.0628453342313115
2021-02-25 00:00:00+00:00,-0.05877085219004062
2021-03-01 00:00:00+00:00,-0.06790093629529224
2021-03-02 00:00:00+00:00,-0.057386759644688014
2021-03-03 00:00:00+00:00,-0.06354767112988786
2021-03-04 00:00:00+00:00,-0.09618796480631346
2021-03-08 00:00:00+00:00,-0.09480656302279865
2021-03-09 00:00:00+00:00,-0.08762732273191305
2021-03-10 00:00:00+00:00,-0.08380432353516534
2021-03-11 00:00:00+00:00,-0.08851229292454374
2021-03-15 00:00:00+00:00,-0.08802216885171983
2021-03-16 00:00:00+00:00,-0.07526027194954273
2021-03-17 00:00:00+00:00,-0.08070358247268555
2021-03-18 00:00:00+00:00,-0.07953770196683563
2021-03-22 00:00:00+00:00,-0.06502726032048015
2021-03-23 00:00:00+00:00,-0.06763729648505838
2021-03-24 00:00:00+00:00,-0.07423196269763296
2021-03-25 00:00:00+00:00,-0.08303956529579963
2021-03-29 00:00:00+00:00,-0.08449222637642345
2021-03-30 00:00:00+00:00,-0.08381343901847085
2021-03-31 00:00:00+00:00,-0.09310486521706714
2021-04-01 00:00:00+00:00,-0.09356080921664482
2021-04-05 00:00:00+00:00,-0.09586256841545865
2021-04-06 00:00:00+00:00,-0.07712129697254098
2021-04-07 00:00:00+00:00,-0.08279280495703946
2021-04-08 00:00:00+00:00,-0.08101610691211843
2021-04-12 00:00:00+00:00,-0.07314247908564513
2021-04-13 00:00:00+00:00,-0.09503020263551737
2021-04-14 00:00:00+00:00,-0.10076573190489369
2021-04-15 00:00:00+00:00,-0.09944471721940838
2021-04-19 00:00:00+00:00,-0.09477803924155663
2021-04-20 00:00:00+00:00,-0.09153951131591737
2021-04-21 00:00:00+00:00,-0.07534701192881947
2021-04-22 00:00:00+00:00,-0.09441177890780955
2021-04-26 00:00:00+00:00,-0.08829877722191357
2021-04-27 00:00:00+00:00,-0.07282405000143898
2021-04-28 00:00:00+00:00,-0.07345724588706831
2021-04-29 00:00:00+00:00,-0.0688316421539262
2021-05-03 00:00:00+00:00,-0.06643492299826571
2021-05-04 00:00:00+00:00,-0.060623486531216825
2021-05-05 00:00:00+00:00,-0.04793299016224819
2021-05-06 00:00:00+00:00,-0.04261272599434667
2021-05-10 00:00:00+00:00,-0.04239169322589815
2021-05-11 00:00:00+00:00,-0.04314738324117149
2021-05-12 00:00:00+00:00,-0.08715922093753375
2021-05-13 00:00:00+00:00,-0.08843991562576965
2021-05-17 00:00:00+00:00,-0.06573818780045769
2021-05-18 00:00:00+00:00,-0.07654560096214781
2021-05-19 00:00:00+00:00,-0.10813813317353974
2021-05-20 00:00:00+00:00,-0.10716251973244387
2021-05-24 00:00:00+00:00,-0.11393541701743354
2021-05-25 00:00:00+00:00,-0.11416575895253102
2021-05-26 00:00:00+00:00,-0.1250496531470406
2021-05-27 00:00:00+00:00,-0.12489932356427005
2021-05-31 00:00:00+00:00,-0.12704909395088668
2021-06-01 00:00:00+00:00,-0.1297857174346188
2021-06-02 00:00:00+00:00,-0.13080714478700148
2021-06-03 00:00:00+00:00,-0.12169948198555564
2021-06-07 00:00:00+00:00,-0.11862792559335561
2021-06-08 00:00:00+00:00,-0.12541301926185902
2021-06-09 00:00:00+00:00,-0.11153185620709044
2021-06-10 00:00:00+00:00,-0.12279674835384773
2021-06-14 00:00:00+00:00,-0.1468927281140588
2021-06-15 00:00:00+00:00,-0.1552466512710124
2021-06-16 00:00:00+00:00,-0.15976044642931062
2021-06-17 00:00:00+00:00,-0.1500684397576107
2021-06-21 00:00:00+00:00,-0.15068799147024453
2021-06-22 00:00:00+00:00,-0.140906051411794
2021-06-23 00:00:00+00:00,-0.13885292411461145
2021-06-24 00:00:00+00:00,-0.13265494076468096
2021-06-28 00:00:00+00:00,-0.13234812227799259
2021-06-29 00:00:00+00:00,-0.15075570882941108
2021-06-30 00:00:00+00:00,-0.15268109432704524
2021-07-01 00:00:00+00:00,-0.16703278192802143
2021-07-05 00:00:00+00:00,-0.14892737541794687
2021-07-06 00:00:00+00:00,-0.10574336691964738
2021-07-07 00:00:00+00:00,-0.10879817435921475
2021-07-08 00:00:00+00:00,-0.11777590521310616
2021-07-12 00:00:00+00:00,-0.12784816897077955
2021-07-13 00:00:00+00:00,-0.1263513076386879
2021-07-14 00:00:00+00:00,-0.13292984667129137
2021-07-15 00:00:00+00:00,-0.12645255108906042
2021-07-19 00:00:00+00:00,-0.1360727688509105
2021-07-20 00:00:00+00:00,-0.15835489355046903
2021-07-21 00:00:00+00:00,-0.15145895811156682
2021-07-22 00:00:00+00:00,-0.1490155409052797
2021-07-26 00:00:00+00:00,-0.15255339506172116
2021-07-27 00:00:00+00:00,-0.14997888925045116
2021-07-28 00:00:00+00:00,-0.15283545663736123
2021-07-29 00:00:00+00:00,-0.12463446990934567
2021-08-02 00:00:00+00:00,-0.12193536044534738
2021-08-03 00:00:00+00:00,-0.12718945795345873
2021-08-04 00:00:00+00:00,-0.09276628210002805
2021-08-05 00:00:00+00:00,-0.1052626112446502
2021-08-09 00:00:00+00:00,-0.08987731397963587
2021-08-10 00:00:00+00:00,-0.06881777838741016
2021-08-11 00:00:00+00:00,-0.07939305910575345
2021-08-12 00:00:00+00:00,-0.09366930943699213
2021-08-16 00:00:00+00:00,-0.09030335913813649
2021-08-17 00:00:00+00:00,-0.07921904201595795
2021-08-18 00:00:00+00:00,-0.08075259045093097
2021-08-19 00:00:00+00:00,-0.06931038641788824
2021-08-23 00:00:00+00:00,-0.05286426714472139
2021-08-24 00:00:00+00:00,-0.057612045170890684
2021-08-25 00:00:00+00:00,-0.08269815060268683
2021-08-26 00:00:00+00:00,-0.09208555758614732
2021-08-30 00:00:00+00:00,-0.08308758609894853
2021-08-31 00:00:00+00:00,-0.07646332711303058
2021-09-01 00:00:00+00:00,-0.06800225106939767
2021-09-02 00:00:00+00:00,-0.07107714302466954
2021-09-06 00:00:00+00:00,-0.07707713071982858
2021-09-07 00:00:00+00:00,-0.0649400303415416
2021-09-08 00:00:00+00:00,-0.06058551251988328
2021-09-09 00:00:00+00:00,-0.06207550504852656
2021-09-13 00:00:00+00:00,-0.04971770556227327
2021-09-14 00:00:00+00:00,-0.038709459030646785
2021-09-15 00:00:00+00:00,-0.04181344934985657
2021-09-16 00:00:00+00:00,-0.031893889572178355
2021-09-20 00:00:00+00:00,-0.024439439738882525
2021-09-21 00:00:00+00:00,-0.04425654030577173
2021-09-22 00:00:00+00:00,-0.018368945796653737
2021-09-23 00:00:00+00:00,-0.022396259494176646
2021-09-27 00:00:00+00:00,-0.018904041467697186
2021-09-28 00:00:00+00:00,-0.010461619293030869
2021-09-29 00:00:00+00:00,-0.01556252561640034
2021-09-30 00:00:00+00:00,0.0063347160886187675
2021-10-04 00:00:00+00:00,0.013440753871938497
2021-10-05 00:00:00+00:00,0.015878162784369577
2021-10-06 00:00:00+00:00,0.03515443433673481
2021-10-07 00:00:00+00:00,0.03658994912028053
2021-10-11 00:00:00+00:00,0.007761512580237731
2021-10-12 00:00:00+00:00,0.006918065399587747
2021-10-13 00:00:00+00:00,0.008819884201233214
2021-10-14 00:00:00+00:00,0.02154950131023718
2021-10-18 00:00:00+00:00,0.08711668208524898
2021-10-19 00:00:00+00:00,0.09046566395574272
2021-10-20 00:00:00+00:00,0.06372970660296036
2021-10-21 00:00:00+00:00,0.06485670642580295
2021-10-25 00:00:00+00:00,0.1302784940580607
2021-10-26 00:00:00+00:00,0.14080717315927882
2021-10-27 00:00:00+00:00,0.15425606242353104
2021-10-28 00:00:00+00:00,0.16003284385938127
2021-11-01 00:00:00+00:00,0.156707042055962
2021-11-02 00:00:00+00:00,0.16165475566248927
2021-11-03 00:00:00+00:00,0.16104206935499676
2021-11-04 00:00:00+00:00,0.15961872202589183
2021-11-08 00:00:00+00:00,0.14989693415296054
2021-11-09 00:00:00+00:00,0.1401021223085876
2021-11-10 00:00:00+00:00,0.13853040419628884
2021-11-11 00:00:00+00:00,0.13671724270772836
2021-11-15 00:00:00+00:00,0.1259684922737712
2021-11-16 00:00:00+00:00,0.1335180617612388
2021-11-17 00:00:00+00:00,0.13999424830002025
2021-11-18 00:00:00+00:00,0.14350719850523805
2021-11-22 00:00:00+00:00,0.1496663942419744
2021-11-23 00:00:00+00:00,0.15466994298488435
2021-11-24 00:00:00+00:00,0.18060041175555372
2021-11-25 00:00:00+00:00,0.12660326745589012
2021-11-29 00:00:00+00:00,0.10892136616252945
2021-11-30 00:00:00+00:00,0.11283596155644024
2021-12-01 00:00:00+00:00,0.1132743583029184
2021-12-02 00:00:00+00:00,0.11562314529138498
2021-12-06 00:00:00+00:00,0.13173524825873176
2021-12-07 00:00:00+00:00,0.14321448278888377
2021-12-08 00:00:00+00:00,0.13761981837610635
2021-12-09 00:00:00+00:00,0.11287071232129188
2021-12-13 00:00:00+00:00,0.12874820381613755
2021-12-14 00:00:00+00:00,0.15915827108317532
2021-12-15 00:00:00+00:00,0.14998301097354025
2021-12-16 00:00:00+00:00,0.1581184111747605
2021-12-20 00:00:00+00:00,0.15913366716969177
2021-12-21 00:00:00+00:00,0.1637893580653151
2021-12-22 00:00:00+00:00,0.17888968703692587
2021-12-27 00:00:00+00:00,0.19018136695582805
2021-12-28 00:00:00+00:00,0.1845153552841981
2021-12-29 00:00:00+00:00,0.1860178102509992
2021-12-30 00:00:00+00:00,0.2029964950406141
2022-01-03 00:00:00+00:00,0.20340337327342653
2022-01-04 00:00:00+00:00,0.20485655266263106
2022-01-05 00:00:00+00:00,0.20316569529614978
2022-01-06 00:00:00+00:00,0.20729989205767857
2022-01-10 00:00:00+00:00,0.204686085928048
2022-01-11 00:00:00+00:00,0.20064615289712273
2022-01-12 00:00:00+00:00,0.1797436841863574
2022-01-13 00:00:00+00:00,0.1790913935603174
2022-01-17 00:00:00+00:00,0.18611644646307623
2022-01-18 00:00:00+00:00,0.18109732532984396
2022-01-19 00:00:00+00:00,0.1857861526242011
2022-01-20 00:00:00+00:00,0.1893603675667846
2022-01-24 00:00:00+00:00,0.16417917410245808
2022-01-25 00:00:00+00:00,0.1662043343682775
2022-01-26 00:00:00+00:00,0.15503426125412584
2022-01-27 00:00:00+00:00,0.15953209259749448
2022-01-31 00:00:00+00:00,0.16926812063251093
2022-02-01 00:00:00+00:00,0.17525073348917075
2022-02-02 00:00:00+00:00,0.1954670599776264
2022-02-03 00:00:00+00:00,0.1913533830640163
2022-02-07 00:00:00+00:00,0.19921863449670613
2022-02-08 00:00:00+00:00,0.19763020586928126
2022-02-09 00:00:00+00:00,0.18742334549297265
2022-02-10 00:00:00+00:00,0.1974671621397252
2022-02-14 00:00:00+00:00,0.2106262361694191
2022-02-15 00:00:00+00:00,0.20921432561697076
2022-02-16 00:00:00+00:00,0.2159567431391471
2022-02-17 00:00:00+00:00,0.22211522703284267
2022-02-21 00:00:00+00:00,0.20331195661895665
2022-02-22 00:00:00+00:00,0.1754835358235647
2022-02-23 00:00:00+00:00,0.16347421939809464
2022-02-24 00:00:00+00:00,0.1861389571293016
2022-02-28 00:00:00+00:00,0.13776427517697654
2022-03-01 00:00:00+00:00,0.1285769408044082
2022-03-02 00:00:00+00:00,0.12799393634017542
2022-03-03 00:00:00+00:00,0.1263893214058248
2022-03-07 00:00:00+00:00,0.13078876321602972
2022-03-08 00:00:00+00:00,0.14810128170284043
2022-03-09 00:00:00+00:00,0.11647254057887751
2022-03-10 00:00:00+00:00,0.12913390582389628
2022-03-14 00:00:00+00:00,0.1464612869642824
2022-03-15 00:00:00+00:00,0.12436174686288838
2022-03-16 00:00:00+00:00,0.1277393218958727
2022-03-17 00:00:00+00:00,0.1322764268705053
2022-03-21 00:00:00+00:00,0.1346950606272938
2022-03-22 00:00:00+00:00,0.11071618012374895
2022-03-23 00:00:00+00:00,0.11506157715789454
2022-03-24 00:00:00+00:00,0.11592807968988246
2022-03-28 00:00:00+00:00,0.11628201847425937
2022-03-29 00:00:00+00:00,0.11489017329342056
2022-03-30 00:00:00+00:00,0.11733223833185932
2022-03-31 00:00:00+00:00,0.11808974151104931
2022-04-04 00:00:00+00:00,0.11282381726576793
2022-04-05 00:00:00+00:00,0.12560810063252373
2022-04-06 00:00:00+00:00,0.11142745637077829
2022-04-07 00:00:00+00:00,0.11137032929056852
2022-04-11 00:00:00+00:00,0.10795400474009896
2022-04-12 00:00:00+00:00,0.11229481725235799
2022-04-13 00:00:00+00:00,0.10518320026591663
2022-04-18 00:00:00+00:00,0.12034309894308791
2022-04-19 00:00:00+00:00,0.12264724360096038
2022-04-20 00:00:00+00:00,0.1227072077070428
2022-04-21 00:00:00+00:00,0.13377965332702768
2022-04-25 00:00:00+00:00,0.10813757560826556
2022-04-26 00:00:00+00:00,0.07977579247316786
2022-04-27 00:00:00+00:00,0.08799658136810827
2022-04-28 00:00:00+00:00,0.07707099241913923
2022-05-02 00:00:00+00:00,0.07949155129811157
2022-05-03 00:00:00+00:00,0.07916765733123672
2022-05-04 00:00:00+00:00,0.0808123403989559
2022-05-05 00:00:00+00:00,0.1160634487219092
2022-05-09 00:00:00+00:00,0.10829266384749348
2022-05-10 00:00:00+00:00,0.0955088255136794
2022-05-11 00:00:00+00:00,0.10232191170022235
2022-05-12 00:00:00+00:00,0.09855330372169205
2022-05-16 00:00:00+00:00,0.06373582521696372
2022-05-17 00:00:00+00:00,0.04021731013841024
2022-05-18 00:00:00+00:00,0.04268600431974613
2022-05-19 00:00:00+00:00,0.05762889414306992
2022-05-23 00:00:00+00:00,0.054172436911799904
2022-05-24 00:00:00+00:00,0.043902287258010396
2022-05-25 00:00:00+00:00,0.0447630810259281
2022-05-26 00:00:00+00:00,0.03482278927287607
2022-05-30 00:00:00+00:00,0.016111038591878672
2022-05-31 00:00:00+00:00,0.0057980267655825925
2022-06-01 00:00:00+00:00,-0.01902372189985648
2022-06-02 00:00:00+00:00,-0.026332891180626868
2022-06-06 00:00:00+00:00,-0.015990931725573983
2022-06-07 00:00:00+00:00,-0.015623709552543349
2022-06-08 00:00:00+00:00,-0.003352875631700555
2022-06-09 00:00:00+00:00,-0.002172625632735213
2022-06-13 00:00:00+00:00,0.0022078928607643204
2022-06-14 00:00:00+00:00,0.0005971020818414911
2022-06-15 00:00:00+00:00,-0.010998806313240902
2022-06-16 00:00:00+00:00,-0.016199587055869682
2022-06-20 00:00:00+00:00,-0.017183063537004734
2022-06-21 00:00:00+00:00,-0.010840022556135332
2022-06-22 00:00:00+00:00,-0.013163827148612368
2022-06-23 00:00:00+00:00,0.016433145429468263
2022-06-27 00:00:00+00:00,0.02087048487278199
2022-06-28 00:00:00+00:00,0.01819159154146296
2022-06-29 00:00:00+00:00,0.013898893736249083
2022-06-30 00:00:00+00:00,0.018603798886807143
2022-07-04 00:00:00+00:00,0.021626878244004378
2022-07-05 00:00:00+00:00,0.021669855080525147
2022-07-06 00:00:00+00:00,0.022504514310838865
2022-07-07 00:00:00+00:00,0.020240555192269718
2022-07-11 00:00:00+00:00,0.026032765431203284
2022-07-12 00:00:00+00:00,0.02527696492807888
2022-07-13 00:00:00+00:00,0.02721081332695578
2022-07-14 00:00:00+00:00,0.028461578935552723
2022-07-18 00:00:00+00:00,0.05994589030386199
2022-07-19 00:00:00+00:00,0.06471835708146284
2022-07-20 00:00:00+00:00,0.059476787500364545
2022-07-21 00:00:00+00:00,0.05688050169488959
2022-07-25 00:00:00+00:00,0.060154207272762314
2022-07-26 00:00:00+00:00,0.05643679449952401
2022-07-27 00:00:00+00:00,0.07241144886212988
2022-07-28 00:00:00+00:00,0.0785280498764366
2022-08-01 00:00:00+00:00,0.09183564378536466
2022-08-02 00:00:00+00:00,0.09442382174498032
2022-08-03 00:00:00+00:00,0.08444314090823404
2022-08-04 00:00:00+00:00,0.12322442314233435
2022-08-08 00:00:00+00:00,0.11362058790049898
2022-08-09 00:00:00+00:00,0.10396200287091094
2022-08-10 00:00:00+00:00,0.09884428373918522
2022-08-11 00:00:00+00:00,0.09752664185664901
2022-08-15 00:00:00+00:00,0.0885745549302496
2022-08-16 00:00:00+00:00,0.09984401742662546
2022-08-17 00:00:00+00:00,0.08725693384775465
2022-08-18 00:00:00+00:00,0.07262253751794659
2022-08-22 00:00:00+00:00,0.07709689911654119
2022-08-23 00:00:00+00:00,0.07442086152364792
2022-08-24 00:00:00+00:00,0.07441691133762426
2022-08-25 00:00:00+00:00,0.06429659364610099
2022-08-29 00:00:00+00:00,0.06378892775485558
2022-08-30 00:00:00+00:00,0.061600307668953976
2022-08-31 00:00:00+00:00,0.05972703332098176
2022-09-01 00:00:00+00:00,0.05636613806994238
2022-09-05 00:00:00+00:00,0.05745893423118815
2022-09-06 00:00:00+00:00,0.040201713133301696
2022-09-07 00:00:00+00:00,0.04477784278650478
2022-09-08 00:00:00+00:00,0.04763020615518714
2022-09-12 00:00:00+00:00,0.0188703890265813
2022-09-13 00:00:00+00:00,0.013087937610456573
2022-09-14 00:00:00+00:00,0.011563566257484177
2022-09-15 00:00:00+00:00,0.00960605709448232
2022-09-19 00:00:00+00:00,0.004720920361479824
2022-09-20 00:00:00+00:00,0.01990372520292048
2022-09-21 00:00:00+00:00,0.01560042275734937
2022-09-22 00:00:00+00:00,-0.0013150065241408213
2022-09-26 00:00:00+00:00,4.493553902732243e-06
2022-09-27 00:00:00+00:00,-0.009528082412080778
2022-09-28 00:00:00+00:00,0.0010507752603431072
2022-09-29 00:00:00+00:00,0.014629092532677511
2022-10-03 00:00:00+00:00,0.024158355653466117
2022-10-04 00:00:00+00:00,0.03188728831400197
2022-10-05 00:00:00+00:00,0.0322363716959967
2022-10-06 00:00:00+00:00,0.03304573589476289
2022-10-10 00:00:00+00:00,0.03294783210533489
2022-10-11 00:00:00+00:00,0.021549647350252017
2022-10-12 00:00:00+00:00,0.028797758808462914
2022-10-13 00:00:00+00:00,0.03018630085416302
2022-10-17 00:00:00+00:00,0.02640768653766865
2022-10-18 00:00:00+00:00,0.029637818815505132
2022-10-19 00:00:00+00:00,0.05234001098119668
2022-10-20 00:00:00+00:00,0.06894063655363562
2022-10-24 00:00:00+00:00,0.06283535148810947
2022-10-25 00:00:00+00:00,0.062238111890441004
2022-10-26 00:00:00+00:00,0.04580624534397649
2022-10-27 00:00:00+00:00,0.027501556797212234
2022-10-31 00:00:00+00:00,0.029669798846989393
2022-11-01 00:00:00+00:00,0.036019292039675445
2022-11-02 00:00:00+00:00,0.05519434234755992
2022-11-03 00:00:00+00:00,0.05667107178617832
2022-11-07 00:00:00+00:00,0.08264544860617178
2022-11-08 00:00:00+00:00,0.1252616778388677
2022-11-09 00:00:00+00:00,-0.041988112709199
2022-11-10 00:00:00+00:00,-0.02945277970233017
2022-11-14 00:00:00+00:00,-0.03801534995462376
2022-11-15 00:00:00+00:00,-0.04070497869801188
2022-11-16 00:00:00+00:00,-0.05852054635678711
2022-11-17 00:00:00+00:00,-0.05497075791504719
2022-11-21 00:00:00+00:00,-0.05083679450470137
2022-11-22 00:00:00+00:00,-0.048135548604832074
2022-11-23 00:00:00+00:00,-0.04804087457765935
2022-11-24 00:00:00+00:00,-0.04762038648186646
2022-11-28 00:00:00+00:00,-0.04296997360245217
2022-11-29 00:00:00+00:00,-0.07117667809950974
2022-11-30 00:00:00+00:00,-0.08154793536911774
2022-12-01 00:00:00+00:00,-0.08210700535009562
2022-12-05 00:00:00+00:00,-0.08123605004831427
2022-12-06 00:00:00+00:00,-0.07951462678005318
2022-12-07 00:00:00+00:00,-0.0866952887886751
2022-12-08 00:00:00+00:00,-0.08997133510854402
2022-12-12 00:00:00+00:00,-0.0933637781355434
2022-12-13 00:00:00+00:00,-0.09680732559632421
2022-12-14 00:00:00+00:00,-0.10570020034560747
2022-12-15 00:00:00+00:00,-0.10327118780133623
2022-12-19 00:00:00+00:00,-0.10492089669732287
2022-12-20 00:00:00+00:00,-0.10198785473135281
2022-12-21 00:00:00+00:00,-0.14877724346979626
2022-12-22 00:00:00+00:00,-0.15248174344593438
2022-12-27 00:00:00+00:00,-0.14834287633595206
2022-12-28 00:00:00+00:00,-0.15072140299808637
2022-12-29 00:00:00+00:00,-0.1599703976877302
2023-01-03 00:00:00+00:00,-0.16022776754532717
2023-01-04 00:00:00+00:00,-0.20791604881537767
2023-01-05 00:00:00+00:00,-0.21417721398774503
2023-01-09 00:00:00+00:00,-0.2130574910115621
2023-01-10 00:00:00+00:00,-0.20457766320085705
2023-01-11 00:00:00+00:00,-0.20139503850921509
2023-01-12 00:00:00+00:00,-0.19405347321938268
2023-01-16 00:00:00+00:00,-0.19202022397169363
2023-01-17 00:00:00+00:00,-0.18019315687683185
2023-01-18 00:00:00+00:00,-0.17990622664056957
2023-01-19 00:00:00+00:00,-0.17128899042712917
2023-01-23 00:00:00+00:00,-0.17024071245338088
2023-01-24 00:00:00+00:00,-0.17178079370277669
2023-01-25 00:00:00+00:00,-0.1659538069125634
2023-01-26 00:00:00+00:00,-0.16889657929934299
2023-01-30 00:00:00+00:00,-0.17777407241952814
2023-01-31 00:00:00+00:00,-0.173636422437068
2023-02-01 00:00:00+00:00,-0.16828580528032158
2023-02-02 00:00:00+00:00,-0.16532087456008027
2023-02-06 00:00:00+00:00,-0.15789423807218905
2023-02-07 00:00:00+00:00,-0.1652332985517362
2023-02-08 00:00:00+00:00,-0.16283555769326846
2023-02-09 00:00:00+00:00,-0.1598376541224676
2023-02-13 00:00:00+00:00,-0.16157693217242466
2023-02-14 00:00:00+00:00,-0.14179461057145903
2023-02-15 00:00:00+00:00,-0.16972271865921734
2023-02-16 00:00:00+00:00,-0.16789966532467168
2023-02-20 00:00:00+00:00,-0.1580651295761891
2023-02-21 00:00:00+00:00,-0.15420256796923879
2023-02-22 00:00:00+00:00,-0.1551791649308746
2023-02-23 00:00:00+00:00,-0.15413828737640575
2023-02-27 00:00:00+00:00,-0.15258495892925247
2023-02-28 00:00:00+00:00,-0.17381712555279993
2023-03-01 00:00:00+00:00,-0.17573450704994284
2023-03-02 00:00:00+00:00,-0.1602891805921324
2023-03-06 00:00:00+00:00,-0.1585766028625277
2023-03-07 00:00:00+00:00,-0.15640436726977194
2023-03-08 00:00:00+00:00,-0.13515287194045816
2023-03-09 00:00:00+00:00,-0.11141416830570058
2023-03-13 00:00:00+00:00,-0.09350046658970092
2023-03-14 00:00:00+00:00,-0.09614931167648959
2023-03-15 00:00:00+00:00,-0.1054072028351194
2023-03-16 00:00:00+00:00,-0.12324394950747221
2023-03-20 00:00:00+00:00,-0.1285988834979451
2023-03-21 00:00:00+00:00,-0.13370876753611444
2023-03-22 00:00:00+00:00,-0.1399059314496839
2023-03-23 00:00:00+00:00,-0.1303537958495097
2023-03-27 00:00:00+00:00,-0.1336416712196851
2023-03-28 00:00:00+00:00,-0.136789927165408
2023-03-29 00:00:00+00:00,-0.1347373472440713
2023-03-30 00:00:00+00:00,-0.1371720709147879
2023-04-03 00:00:00+00:00,-0.13141634776663944
2023-04-04 00:00:00+00:00,-0.1330337301880857
2023-04-05 00:00:00+00:00,-0.11983311605433729
2023-04-06 00:00:00+00:00,-0.10358390815093299
2023-04-10 00:00:00+00:00,-0.10464240036926627
2023-04-11 00:00:00+00:00,-0.11105081804491865
2023-04-12 00:00:00+00:00,-0.1208741555230529
2023-04-13 00:00:00+00:00,-0.12184973290454919
2023-04-17 00:00:00+00:00,-0.11944129128023888
2023-04-18 00:00:00+00:00,-0.19972915722328105
2023-04-19 00:00:00+00:00,0.08703448369993712
2023-04-20 00:00:00+00:00,0.0706037405032745
2023-04-24 00:00:00+00:00,0.06995316484946836
2023-04-25 00:00:00+00:00,0.06639214141688422
2023-04-26 00:00:00+00:00,0.06362327671300126
2023-04-27 00:00:00+00:00,0.07293154751928563
2023-05-01 00:00:00+00:00,0.11016579656987859
2023-05-02 00:00:00+00:00,0.0962643397722122
2023-05-03 00:00:00+00:00,0.09405098447571833
2023-05-04 00:00:00+00:00,0.0857253814694588
2023-05-08 00:00:00+00:00,0.08889214260342021
2023-05-09 00:00:00+00:00,0.07783731811851442
2023-05-10 00:00:00+00:00,0.08600962499407588
2023-05-11 00:00:00+00:00,0.08803357359236372
2023-05-15 00:00:00+00:00,0.08094066591948754
2023-05-16 00:00:00+00:00,0.07835880796577371
2023-05-17 00:00:00+00:00,0.08829310060758587
2023-05-18 00:00:00+00:00,0.10048597200024892
2023-05-22 00:00:00+00:00,0.097217142040438
2023-05-23 00:00:00+00:00,0.09991178756757327
2023-05-24 00:00:00+00:00,0.10195547351363063
2023-05-25 00:00:00+00:00,0.08871449595321038
2023-05-29 00:00:00+00:00,0.09263389845195961
2023-05-30 00:00:00+00:00,0.07645697552521984
2023-05-31 00:00:00+00:00,0.06494533803461422
2023-06-01 00:00:00+00:00,0.05562713946720374
2023-06-05 00:00:00+00:00,0.04227897617452299
2023-06-06 00:00:00+00:00,0.03582454177476042
2023-06-07 00:00:00+00:00,0.02879268864125688
2023-06-08 00:00:00+00:00,0.02918438024563816
2023-06-12 00:00:00+00:00,0.03349342960206399
2023-06-13 00:00:00+00:00,0.036062543136201095
2023-06-14 00:00:00+00:00,0.022739805788806845
2023-06-15 00:00:00+00:00,0.012871652263815142
2023-06-19 00:00:00+00:00,0.007335062206235196
2023-06-20 00:00:00+00:00,-0.01324406127185138
2023-06-21 00:00:00+00:00,-0.004614755354429013
2023-06-22 00:00:00+00:00,-0.005255552303164089
2023-06-26 00:00:00+00:00,-0.01564781144289215
2023-06-27 00:00:00+00:00,-0.02845282197182187
2023-06-28 00:00:00+00:00,-0.03048212612639837
2023-06-29 00:00:00+00:00,-0.026181939231005882
2023-07-03 00:00:00+00:00,-0.034193759651774694
2023-07-04 00:00:00+00:00,-0.032125532100269506
2023-07-05 00:00:00+00:00,-0.008941034362131083
2023-07-06 00:00:00+00:00,-0.015456078358882934
2023-07-10 00:00:00+00:00,-0.019273239753401398
2023-07-11 00:00:00+00:00,-0.019144112775855756
2023-07-12 00:00:00+00:00,-0.017818325004750297
2023-07-13 00:00:00+00:00,-0.012568370840377091
2023-07-17 00:00:00+00:00,-0.019602845712813028
2023-07-18 00:00:00+00:00,-0.022349269448320823
2023-07-19 00:00:00+00:00,-0.022596812998518092
2023-07-20 00:00:00+00:00,-0.025720118284202804
2023-07-24 00:00:00+00:00,0.03862916867671594
2023-07-25 00:00:00+00:00,0.03273923730786352
2023-07-26 00:00:00+00:00,0.0540816817656762
2023-07-27 00:00:00+00:00,0.052009766316377694
2023-07-31 00:00:00+00:00,0.052998050603685745
2023-08-01 00:00:00+00:00,0.033964015986285886
2023-08-02 00:00:00+00:00,0.03535197252442924
2023-08-03 00:00:00+00:00,0.032919558377780225
2023-08-07 00:00:00+00:00,0.02708587894969759
2023-08-08 00:00:00+00:00,0.02828529326341374
2023-08-09 00:00:00+00:00,0.02830144461297856
2023-08-10 00:00:00+00:00,0.029668158525436198
2023-08-14 00:00:00+00:00,0.000701867496698677
2023-08-15 00:00:00+00:00,-0.03730806391897416
2023-08-16 00:00:00+00:00,-0.12132647278608234
2023-08-17 00:00:00+00:00,-0.10305205974551912
2023-08-21 00:00:00+00:00,-0.0891072862498048
2023-08-22 00:00:00+00:00,-0.06733342252945149
2023-08-23 00:00:00+00:00,-0.07861700252793465
2023-08-24 00:00:00+00:00,-0.0680552448955564
2023-08-28 00:00:00+00:00,-0.060056509777519924
2023-08-29 00:00:00+00:00,-0.058183920389700605
2023-08-30 00:00:00+00:00,-0.06112064959301102
2023-08-31 00:00:00+00:00,-0.06350776393605263
2023-09-04 00:00:00+00:00,-0.07726314930003862
2023-09-05 00:00:00+00:00,-0.06964387420670504
2023-09-06 00:00:00+00:00,-0.07389459576268978
2023-09-07 00:00:00+00:00,-0.06679029833561047
2023-09-11 00:00:00+00:00,-0.05735194803343573
2023-09-12 00:00:00+00:00,-0.053243253974844584
2023-09-13 00:00:00+00:00,-0.04639420979210865
2023-09-14 00:00:00+00:00,-0.04948527012633925
2023-09-18 00:00:00+00:00,-0.04446240215555109
2023-09-19 00:00:00+00:00,-0.056847093245910384
2023-09-20 00:00:00+00:00,-0.051249552745309505
2023-09-21 00:00:00+00:00,-0.04861791899259267
2023-09-25 00:00:00+00:00,-0.06730453677451148
2023-09-26 00:00:00+00:00,-0.06713676832581764
2023-09-27 00:00:00+00:00,-0.06755960133607197
2023-09-28 00:00:00+00:00,-0.061800178303706294
2023-10-02 00:00:00+00:00,-0.051651371425130384
2023-10-03 00:00:00+00:00,-0.0744195909528829
2023-10-04 00:00:00+00:00,-0.1047982299128351
2023-10-05 00:00:00+00:00,-0.10243418610774088
2023-10-09 00:00:00+00:00,-0.102190386020468
2023-10-10 00:00:00+00:00,-0.10116211626630309
2023-10-11 00:00:00+00:00,-0.09750034147788302
2023-10-12 00:00:00+00:00,-0.09586538387690881
2023-10-16 00:00:00+00:00,-0.09682523385287803
2023-10-17 00:00:00+00:00,-0.09811989934977002
2023-10-18 00:00:00+00:00,-0.09261896332700206
2023-10-19 00:00:00+00:00,-0.09955152037210918
2023-10-23 00:00:00+00:00,-0.06736039406135692
2023-10-24 00:00:00+00:00,-0.08927762675358553
2023-10-25 00:00:00+00:00,-0.09757573886146537
2023-10-26 00:00:00+00:00,-0.09362317096016257
2023-10-30 00:00:00+00:00,-0.08943197120219397
2023-10-31 00:00:00+00:00,-0.09093132150704739
2023-11-01 00:00:00+00:00,-0.06675663614280221
2023-11-02 00:00:00+00:00,-0.0767065481966346
2023-11-06 00:00:00+00:00,-0.06592941462216456
2023-11-07 00:00:00+00:00,-0.05351387999385216
2023-11-08 00:00:00+00:00,-0.042641936007594555
2023-11-09 00:00:00+00:00,-0.00820108401668444
2023-11-13 00:00:00+00:00,-0.017205231099550838
2023-11-14 00:00:00+00:00,-0.018084284284406185
2023-11-15 00:00:00+00:00,-0.0026695258779021185
2023-11-16 00:00:00+00:00,-0.0011166933709677183
2023-11-20 00:00:00+00:00,0.018831282252217352
2023-11-21 00:00:00+00:00,0.006433737134154372
2023-11-22 00:00:00+00:00,0.011776377603216715
2023-11-23 00:00:00+00:00,0.024190347553306506
2023-11-27 00:00:00+00:00,0.00971675376763294
2023-11-28 00:00:00+00:00,0.007880235237747979
2023-11-29 00:00:00+00:00,0.012521454597308133
2023-11-30 00:00:00+00:00,0.008458321172167018
2023-12-04 00:00:00+00:00,0.015279340398260803
2023-12-05 00:00:00+00:00,0.0010559176507762647
2023-12-06 00:00:00+00:00,-0.0030192363009607596
2023-12-07 00:00:00+00:00,-0.008176122932880213
2023-12-11 00:00:00+00:00,-0.0356658363526652
2023-12-12 00:00:00+00:00,-0.03271381248914561
2023-12-13 00:00:00+00:00,-0.03060674932983679
2023-12-14 00:00:00+00:00,-0.03311077486400837
2023-12-18 00:00:00+00:00,-0.019504460474939304
2023-12-19 00:00:00+00:00,-0.010716254647369755
2023-12-20 00:00:00+00:00,0.00803981578851598
2023-12-21 00:00:00+00:00,0.010258379389476064
2023-12-26 00:00:00+00:00,0.00683363230165279
2023-12-27 00:00:00+00:00,0.007316326326745941
2023-12-28 00:00:00+00:00,0.020095388521731646
2024-01-02 00:00:00+00:00,0.014018083513056995
2024-01-03 00:00:00+00:00,0.021615488789193272
2024-01-04 00:00:00+00:00,0.027126531337083874
2024-01-08 00:00:00+00:00,0.023275124868294576
2024-01-09 00:00:00+00:00,0.025030777683669413
2024-01-10 00:00:00+00:00,0.023370351462930088
2024-01-11 00:00:00+00:00,0.022457818608991285
2024-01-15 00:00:00+00:00,0.021274994072918153
2024-01-16 00:00:00+00:00,0.021810990960851356
2024-01-17 00:00:00+00:00,0.01563511368632657
2024-01-18 00:00:00+00:00,-0.00833593149582024
2024-01-22 00:00:00+00:00,-0.019041829128030697
2024-01-23 00:00:00+00:00,-0.023039701060884515
2024-01-24 00:00:00+00:00,-0.031978627437012144
2024-01-25 00:00:00+00:00,-0.03202349016593589
2024-01-29 00:00:00+00:00,-0.03761798198419571
2024-01-30 00:00:00+00:00,-0.02372103215610462
2024-01-31 00:00:00+00:00,-0.024176523963469497
2024-02-01 00:00:00+00:00,-0.018718386388878877
2024-02-05 00:00:00+00:00,-0.01673779947708471
2024-02-06 00:00:00+00:00,-0.026880000791524285
2024-02-07 00:00:00+00:00,-0.03028593236085318
2024-02-08 00:00:00+00:00,-0.025816280710528272
2024-02-12 00:00:00+00:00,-0.04616894640779053
2024-02-13 00:00:00+00:00,-0.05293892553460692
2024-02-14 00:00:00+00:00,-0.040766124332443414
2024-02-15 00:00:00+00:00,-0.04053343899618009
2024-02-19 00:00:00+00:00,-0.04641407321480829
2024-02-20 00:00:00+00:00,-0.047289690940227794
2024-02-21 00:00:00+00:00,-0.06076968050965488
2024-02-22 00:00:00+00:00,-0.056831838074181004
2024-02-26 00:00:00+00:00,-0.04998942542820228
2024-02-27 00:00:00+00:00,-0.05308893023097616
2024-02-28 00:00:00+00:00,-0.039110178443685625
2024-02-29 00:00:00+00:00,-0.05172704205978533
2024-03-04 00:00:00+00:00,-0.08941840664193926
2024-03-05 00:00:00+00:00,-0.09856780956343349
2024-03-06 00:00:00+00:00,-0.08706077112892727
2024-03-07 00:00:00+00:00,-0.08471775761446904
2024-03-11 00:00:00+00:00,-0.09127237952847699
2024-03-12 00:00:00+00:00,-0.08703388307110278
2024-03-13 00:00:00+00:00,-0.08988826629809919
2024-03-14 00:00:00+00:00,-0.06539007343478596
2024-03-18 00:00:00+00:00,-0.06545350751442298
2024-03-19 00:00:00+00:00,-0.09960885355215258
2024-03-20 00:00:00+00:00,-0.1057961355887022
2024-03-21 00:00:00+00:00,-0.10054485261430288
2024-03-25 00:00:00+00:00,-0.0993855531780654
2024-03-26 00:00:00+00:00,-0.10938969873776584
2024-03-27 00:00:00+00:00,-0.11605552420665587
2024-04-01 00:00:00+00:00,-0.10233140372939997
2024-04-02 00:00:00+00:00,-0.117609899195462
2024-04-03 00:00:00+00:00,-0.10413656479295891
2024-04-04 00:00:00+00:00,-0.08152283568053968
2024-04-08 00:00:00+00:00,-0.08783042588458531
2024-04-09 00:00:00+00:00,-0.057611232507444744
2024-04-10 00:00:00+00:00,-0.05310030480955874
2024-04-11 00:00:00+00:00,-0.05451063482554335
2024-04-15 00:00:00+00:00,-0.041049840779414155
2024-04-16 00:00:00+00:00,-0.04059272205804523
2024-04-17 00:00:00+00:00,-0.03133256472195456
2024-04-18 00:00:00+00:00,-0.04466596516446253
2024-04-22 00:00:00+00:00,-0.046803483627922644
2024-04-23 00:00:00+00:00,-0.02539656270970554
2024-04-24 00:00:00+00:00,-0.043974914390391064
2024-04-25 00:00:00+00:00,-0.05096428325558937
2024-04-29 00:00:00+00:00,-0.06095869628131038
2024-04-30 00:00:00+00:00,-0.05770655160017575
2024-05-01 00:00:00+00:00,-0.07089781972497365
2024-05-02 00:00:00+00:00,-0.06720755103191897
2024-05-06 00:00:00+00:00,-0.06766400007986711
2024-05-07 00:00:00+00:00,-0.06675934121708156
2024-05-08 00:00:00+00:00,-0.07039880903174575
2024-05-09 00:00:00+00:00,-0.07051178125797782
2024-05-13 00:00:00+00:00,-0.06450723514800244
2024-05-14 00:00:00+00:00,-0.07447648554755903
2024-05-15 00:00:00+00:00,-0.07577729415339825
2024-05-16 00:00:00+00:00,-0.07448886607938678
2024-05-20 00:00:00+00:00,-0.06686242693715604
2024-05-21 00:00:00+00:00,-0.049781033150201666
2024-05-22 00:00:00+00:00,-0.04266734304818736
2024-05-23 00:00:00+00:00,-0.05010020820352246
2024-05-27 00:00:00+00:00,-0.05090471861472329
2024-05-28 00:00:00+00:00,-0.047437587564569825
2024-05-29 00:00:00+00:00,-0.05384801029339812
2024-05-30 00:00:00+00:00,-0.06297198408038183
2024-06-03 00:00:00+00:00,-0.06258640707217807
2024-06-04 00:00:00+00:00,-0.05060491380746886
2024-06-05 00:00:00+00:00,-0.04996296733446292
2024-06-06 00:00:00+00:00,-0.0547814941841291
2024-06-10 00:00:00+00:00,-0.05015665787130942
2024-06-11 00:00:00+00:00,-0.07650590810603905
2024-06-12 00:00:00+00:00,-0.07699201780901394
2024-06-13 00:00:00+00:00,-0.06894020640373663
2024-06-17 00:00:00+00:00,-0.0648910300899487
2024-06-18 00:00:00+00:00,-0.06253214684225072
2024-06-19 00:00:00+00:00,-0.06192373949265603
2024-06-20 00:00:00+00:00,-0.059048707250448446
2024-06-24 00:00:00+00:00,-0.060803216410443915
2024-06-25 00:00:00+00:00,-0.05871168527590193
2024-06-26 00:00:00+00:00,-0.041444496566305306
2024-06-27 00:00:00+00:00,-0.03520478764923313
2024-07-01 00:00:00+00:00,-0.03510638041315189
2024-07-02 00:00:00+00:00,-0.03829067447239735
2024-07-03 00:00:00+00:00,-0.03608931042270874
2024-07-04 00:00:00+00:00,-0.040374552300893866
2024-07-08 00:00:00+00:00,-0.048472060882670934
2024-07-09 00:00:00+00:00,-0.03209280194984638
2024-07-10 00:00:00+00:00,-0.0292505381639649
2024-07-11 00:00:00+00:00,-0.031029469547140167
2024-07-15 00:00:00+00:00,-0.020466118862105344
2024-07-16 00:00:00+00:00,-0.02005230939468918
2024-07-17 00:00:00+00:00,-0.017873346013912533
2024-07-18 00:00:00+00:00,0.002389551446325195
2024-07-22 00:00:00+00:00,0.005451471188148828
2024-07-23 00:00:00+00:00,0.01936121979340684
2024-07-24 00:00:00+00:00,0.022859809402240975
2024-07-25 00:00:00+00:00,0.022939220981541004
2024-07-29 00:00:00+00:00,0.030304086444634136
2024-07-30 00:00:00+00:00,0.02648954782757196
2024-07-31 00:00:00+00:00,0.04479431468746582
2024-08-01 00:00:00+00:00,0.02831626434131631
2024-08-05 00:00:00+00:00,0.036782866863462105
2024-08-06 00:00:00+00:00,0.001223316228725193
2024-08-07 00:00:00+00:00,-0.009310440688598431
2024-08-08 00:00:00+00:00,0.02514345637408442
2024-08-12 00:00:00+00:00,0.04396271225304742
2024-08-13 00:00:00+00:00,0.03608229565452479
2024-08-14 00:00:00+00:00,0.020399824150212943
2024-08-15 00:00:00+00:00,0.0025039688681753134
2024-08-19 00:00:00+00:00,0.001139258495060513
2024-08-20 00:00:00+00:00,0.004542567225056951
2024-08-21 00:00:00+00:00,-0.013570341872047097
2024-08-22 00:00:00+00:00,-0.015505341776806823
2024-08-26 00:00:00+00:00,0.018030555971376573
2024-08-27 00:00:00+00:00,0.03286371898666962
2024-08-28 00:00:00+00:00,0.026991411257501693
2024-08-29 00:00:00+00:00,0.0325424670729388
2024-09-02 00:00:00+00:00,-0.0017524427249545934
2024-09-03 00:00:00+00:00,0.00010919139055271441
2024-09-04 00:00:00+00:00,-0.006404702394090905
2024-09-05 00:00:00+00:00,0.02141991378008314
2024-09-09 00:00:00+00:00,0.03025465068551066
2024-09-10 00:00:00+00:00,0.01739514458500737
2024-09-11 00:00:00+00:00,0.014111210891709502
2024-09-12 00:00:00+00:00,0.0006064227810147023
2024-09-16 00:00:00+00:00,-0.007441339000680644
2024-09-17 00:00:00+00:00,-0.016503689575843725
2024-09-18 00:00:00+00:00,-0.003788256546745133
2024-09-19 00:00:00+00:00,-0.004203625824274403
2024-09-23 00:00:00+00:00,-0.010500720022428252
2024-09-24 00:00:00+00:00,0.002575659517307851
2024-09-25 00:00:00+00:00,-0.014664865531052113
2024-09-26 00:00:00+00:00,-0.021615747003059956
2024-09-30 00:00:00+00:00,0.005783490372117282
2024-10-01 00:00:00+00:00,0.003798548280039302
2024-10-02 00:00:00+00:00,0.014944011933988645
2024-10-03 00:00:00+00:00,0.013651898817078798
2024-10-07 00:00:00+00:00,0.028977747936764886
2024-10-08 00:00:00+00:00,0.023926257715037577
2024-10-09 00:00:00+00:00,0.025859483696773676
2024-10-10 00:00:00+00:00,0.024803008627673234
2024-10-14 00:00:00+00:00,0.006135239193954421
2024-10-15 00:00:00+00:00,0.008537797863792577
2024-10-16 00:00:00+00:00,0.0035546449494621825
2024-10-17 00:00:00+00:00,0.013970548589301595
2024-10-21 00:00:00+00:00,0.02865345554718474
2024-10-22 00:00:00+00:00,0.029148985900227728
2024-10-23 00:00:00+00:00,0.023402956812444777
2024-10-24 00:00:00+00:00,0.018948108957415947
2024-10-28 00:00:00+00:00,0.016061609919160516
2024-10-29 00:00:00+00:00,0.009295714647205916
2024-10-30 00:00:00+00:00,0.014616547946330933
2024-10-31 00:00:00+00:00,0.0027277055600172786
2024-11-04 00:00:00+00:00,-0.0069465044094568565
2024-11-05 00:00:00+00:00,0.01379176258795402
2024-11-06 00:00:00+00:00,0.03554230662431641
2024-11-07 00:00:00+00:00,0.02476655694531302
2024-11-11 00:00:00+00:00,0.010474724419200556
2024-11-12 00:00:00+00:00,0.009911549261981593
2024-11-13 00:00:00+00:00,0.0015390673089745344
2024-11-14 00:00:00+00:00,0.0332240830193175
2024-11-18 00:00:00+00:00,0.03426846827237871
2024-11-19 00:00:00+00:00,0.0336816851782251
2024-11-20 00:00:00+00:00,0.03735378901832799
2024-11-21 00:00:00+00:00,0.042153345198386434
2024-11-25 00:00:00+00:00,0.03113841117034363
2024-11-26 00:00:00+00:00,0.033454811248074146
2024-11-27 00:00:00+00:00,0.043145852128579194
2024-11-28 00:00:00+00:00,0.04317655444949719
2024-12-02 00:00:00+00:00,0.04464117304611457
2024-12-03 00:00:00+00:00,0.045874982050038926
2024-12-04 00:00:00+00:00,0.04371586371001709
2024-12-05 00:00:00+00:00,0.045572049570653805
2024-12-09 00:00:00+00:00,0.047742966887461526
2024-12-10 00:00:00+00:00,0.057001513316646116
2024-12-11 00:00:00+00:00,0.04774363667625576
2024-12-12 00:00:00+00:00,0.0420197676783628
2024-12-16 00:00:00+00:00,0.038481321239430565
2024-12-17 00:00:00+00:00,0.041462647407358715
2024-12-18 00:00:00+00:00,0.026318929928574982
2024-12-19 00:00:00+00:00,0.01769915965850272
2024-12-23 00:00:00+00:00,0.011023676827344191
2024-12-26 00:00:00+00:00,0.025135872541742443
2024-12-30 00:00:00+00:00,0.025983483332650017
2025-01-02 00:00:00+00:00,0.01388294471314424
2025-01-06 00:00:00+00:00,-0.007101494570233844
2025-01-07 00:00:00+00:00,-0.008323161822758482
2025-01-08 00:00:00+00:00,-0.014750184890573139
2025-01-09 00:00:00+00:00,0.009484754627723304
2025-01-13 00:00:00+00:00,-0.00860632599961319
2025-01-14 00:00:00+00:00,0.01042637649926587
2025-01-15 00:00:00+00:00,0.0014711207779950278
2025-01-16 00:00:00+00:00,0.010934872629711823
2025-01-20 00:00:00+00:00,0.03619223240742435
2025-01-21 00:00:00+00:00,0.040348266222064895
2025-01-22 00:00:00+00:00,0.029718754426826186
2025-01-23 00:00:00+00:00,0.026075031851362257
2025-01-27 00:00:00+00:00,0.048076730639126875
2025-01-28 00:00:00+00:00,0.0517672217860646
2025-01-29 00:00:00+00:00,0.05458631024496921
2025-01-30 00:00:00+00:00,0.054257568369301706
2025-02-03 00:00:00+00:00,0.06474348164106154
2025-02-04 00:00:00+00:00,0.05774196442744809
2025-02-05 00:00:00+00:00,0.05967388586247217
2025-02-06 00:00:00+00:00,0.03575092190600748
2025-02-10 00:00:00+00:00,0.037982812635034176
2025-02-11 00:00:00+00:00,0.03942251565703112
2025-02-12 00:00:00+00:00,0.08302823104626621
2025-02-13 00:00:00+00:00,0.08020704745902134
2025-02-17 00:00:00+00:00,0.08155010330159498
2025-02-18 00:00:00+00:00,0.04636685300725181
2025-02-19 00:00:00+00:00,0.04255961817210091
2025-02-20 00:00:00+00:00,0.023999438231536926
2025-02-24 00:00:00+00:00,0.04020469204432353
2025-02-25 00:00:00+00:00,0.034885888522473575
2025-02-26 00:00:00+00:00,0.08229546497006053
2025-02-27 00:00:00+00:00,0.08867488213731739
2025-03-03 00:00:00+00:00,0.10395661635568039
2025-03-04 00:00:00+00:00,0.10816962997455355
2025-03-05 00:00:00+00:00,0.08101880686651387
2025-03-06 00:00:00+00:00,0.0818103895976164
2025-03-10 00:00:00+00:00,0.09557937486168913
2025-03-11 00:00:00+00:00,0.10756264494738306
2025-03-12 00:00:00+00:00,0.09017665734874225
2025-03-13 00:00:00+00:00,0.06914209049796587
2025-03-17 00:00:00+00:00,0.06111135218715906
2025-03-18 00:00:00+00:00,0.0526149888831606
2025-03-19 00:00:00+00:00,0.05086539641433626
2025-03-20 00:00:00+00:00,0.05033090073769756
2025-03-24 00:00:00+00:00,0.051808151621862
2025-03-25 00:00:00+00:00,0.053992890589832955
2025-03-26 00:00:00+00:00,0.07465154335265828
2025-03-27 00:00:00+00:00,0.06606550605728594
2025-03-31 00:00:00+00:00,0.0658374078523349
2025-04-01 00:00:00+00:00,0.04492038067141612
2025-04-02 00:00:00+00:00,0.07751491054103911
2025-04-03 00:00:00+00:00,0.04969193500749414
2025-04-07 00:00:00+00:00,0.04496415181681559
2025-04-08 00:00:00+00:00,-0.054999278415203585
2025-04-09 00:00:00+00:00,-0.12098080154300395
2025-04-10 00:00:00+00:00,-0.13151232886129752
2025-04-14 00:00:00+00:00,-0.1349553886663117
2025-04-15 00:00:00+00:00,-0.12512815866799049
2025-04-16 00:00:00+00:00,-0.12067133479517526
2025-04-21 00:00:00+00:00,-0.11695352685171993
2025-04-22 00:00:00+00:00,-0.10474885953239041
2025-04-23 00:00:00+00:00,-0.10335368644516413
2025-04-24 00:00:00+00:00,-0.10507949780665297
2025-04-28 00:00:00+00:00,-0.10207083334812626
2025-04-29 00:00:00+00:00,-0.09943021702808351
2025-04-30 00:00:00+00:00,-0.11020852552842533
2025-05-01 00:00:00+00:00,-0.09968983922125829
2025-05-05 00:00:00+00:00,-0.10116099223931901
2025-05-06 00:00:00+00:00,-0.10051405876843272
2025-05-07 00:00:00+00:00,-0.10540686267978223
2025-05-08 00:00:00+00:00,-0.09866206408175748
2025-05-12 00:00:00+00:00,-0.10177180230972875
2025-05-13 00:00:00+00:00,-0.10500846552060415
2025-05-14 00:00:00+00:00,-0.10544519067454138
2025-05-15 00:00:00+00:00,-0.10509247388694189
2025-05-19 00:00:00+00:00,-0.10414769647953746
2025-05-20 00:00:00+00:00,-0.10765597556105493
2025-05-21 00:00:00+00:00,-0.1052072538172216
2025-05-22 00:00:00+00:00,-0.11071395081353312
2025-05-26 00:00:00+00:00,-0.10878171511422494
2025-05-27 00:00:00+00:00,-0.10574469689554088
2025-05-28 00:00:00+00:00,-0.10579294023338588
2025-05-29 00:00:00+00:00,-0.1052111967758763
2025-06-02 00:00:00+00:00,-0.10680128990917544
2025-06-03 00:00:00+00:00,-0.10733436648793672
2025-06-04 00:00:00+00:00,-0.10004203314148345
2025-06-05 00:00:00+00:00,-0.10799276035069177
2025-06-09 00:00:00+00:00,-0.11254011767106167
2025-06-10 00:00:00+00:00,-0.11334450348987442
2025-06-11 00:00:00+00:00,-0.12152359757068155
2025-06-12 00:00:00+00:00,-0.10277059818826507
2025-06-16 00:00:00+00:00,-0.10569060328503897
2025-06-17 00:00:00+00:00,-0.10670830604205035
2025-06-18 00:00:00+00:00,-0.1185027602758862
2025-06-19 00:00:00+00:00,-0.11916687947376071
2025-06-23 00:00:00+00:00,-0.11454295708130748
2025-06-24 00:00:00+00:00,-0.11313894727061605
2025-06-25 00:00:00+00:00,-0.10900108692996152
2025-06-26 00:00:00+00:00,-0.11086706107080424
2025-06-30 00:00:00+00:00,-0.11677629449595717
2025-07-01 00:00:00+00:00,-0.11574025530201948
2025-07-02 00:00:00+00:00,-0.10954522449964187
2025-07-03 00:00:00+00:00,-0.1090437905670328
2025-07-07 00:00:00+00:00,-0.10997189293712249
2025-07-08 00:00:00+00:00,-0.11115977965684434
2025-07-09 00:00:00+00:00,-0.10867119291745413
2025-07-10 00:00:00+00:00,-0.11194771245852571
2025-07-14 00:00:00+00:00,-0.10595159176077969
2025-07-15 00:00:00+00:00,-0.10763839199552172
2025-07-16 00:00:00+00:00,-0.10725470182342121
2025-07-17 00:00:00+00:00,-0.10754812364918508
2025-07-21 00:00:00+00:00,-0.10878456401122143
2025-07-22 00:00:00+00:00,-0.10852188893772008
2025-07-23 00:00:00+00:00,-0.10868226868808044
2025-07-24 00:00:00+00:00,-0.10918237256086798
2025-07-28 00:00:00+00:00,-0.10767420492950619
2025-07-29 00:00:00+00:00,-0.10729784026159299
2025-07-30 00:00:00+00:00,-0.10051030367474992
2025-07-31 00:00:00+00:00,-0.09920208321287713
2025-08-04 00:00:00+00:00,-0.09936180893911468
2025-08-05 00:00:00+00:00,-0.1324245448488133
2025-08-06 00:00:00+00:00,-0.13353997472860424
2025-08-07 00:00:00+00:00,-0.164060083615491
2025-08-11 00:00:00+00:00,-0.16782681578425138
2025-08-12 00:00:00+00:00,-0.15501422637074544
2025-08-13 00:00:00+00:00,-0.15392683809410723
2025-08-14 00:00:00+00:00,-0.15600545181317518
2025-08-18 00:00:00+00:00,-0.16264865521087912
2025-08-19 00:00:00+00:00,-0.1557536198421346
2025-08-20 00:00:00+00:00,-0.14244434194377834
2025-08-21 00:00:00+00:00,-0.14646390628081313
2025-08-25 00:00:00+00:00,-0.14335432678000457
2025-08-26 00:00:00+00:00,-0.14264728109598543
2025-08-27 00:00:00+00:00,-0.14534240636554988
2025-08-28 00:00:00+00:00,-0.14848445033470078
2025-09-01 00:00:00+00:00,-0.152128993826518
2025-09-02 00:00:00+00:00,-0.15165151911023175
2025-09-03 00:00:00+00:00,-0.15323385206001794
2025-09-04 00:00:00+00:00,-0.15077222583190028
2025-09-08 00:00:00+00:00,-0.1363506048368431
2025-09-09 00:00:00+00:00,-0.17791564326069037
2025-09-10 00:00:00+00:00,-0.1799498662956692
2025-09-11 00:00:00+00:00,-0.17856839060674928
2025-09-15 00:00:00+00:00,-0.03853757451192431
2025-09-16 00:00:00+00:00,0.1880095568892541
2025-09-17 00:00:00+00:00,0.24389668757069097
2025-09-18 00:00:00+00:00,0.2462069784719813
2025-09-22 00:00:00+00:00,0.2423574023035154
2025-09-23 00:00:00+00:00,0.24500304769925185
2025-09-24 00:00:00+00:00,0.20641413494131994
2025-09-25 00:00:00+00:00,0.10068289443909727
2025-09-29 00:00:00+00:00,0.10580944430634691
2025-09-30 00:00:00+00:00,0.1037389220722263
2025-10-01 00:00:00+00:00,0.09623800400706789
2025-10-02 00:00:00+00:00,0.100192834300006
2025-10-06 00:00:00+00:00,0.09632108623632503
2025-10-07 00:00:00+00:00,0.048479386683413055
2025-10-08 00:00:00+00:00,0.04574274453972056
2025-10-09 00:00:00+00:00,0.07875639155045076
2025-10-13 00:00:00+00:00,0.07919883293629405
2025-10-14 00:00:00+00:00,0.08144626712087515
2025-10-15 00:00:00+00:00,0.10412122436511628
2025-10-16 00:00:00+00:00,0.08482259493977642
2025-10-20 00:00:00+00:00,0.08546039688792313
2025-10-21 00:00:00+00:00,0.09449950420212468
2025-10-22 00:00:00+00:00,0.08693451221821502
2025-10-23 00:00:00+00:00,0.11966736184750414
2025-10-27 00:00:00+00:00,0.1175449462804812
2025-10-28 00:00:00+00:00,0.1372467693703638
2025-10-29 00:00:00+00:00,0.14314181196167924
2025-10-30 00:00:00+00:00,0.1463403819048275
2025-11-03 00:00:00+00:00,0.17690416316856172
2025-11-04 00:00:00+00:00,0.15677949649227102
2025-11-05 00:00:00+00:00,0.13380225509409494
2025-11-06 00:00:00+00:00,0.13332319942216397
2025-11-10 00:00:00+00:00,0.13292436377184647
2025-11-11 00:00:00+00:00,0.16646729927255335
2025-11-12 00:00:00+00:00,0.16608990453035463
2025-11-13 00:00:00+00:00,0.16493947727566663
2025-11-17 00:00:00+00:00,0.1835423942110688
2025-11-18 00:00:00+00:00,0.1695701799674125
2025-11-19 00:00:00+00:00,0.1938272945691468
2025-11-20 00:00:00+00:00,0.1363325226015904
2025-11-24 00:00:00+00:00,0.15201860147415264
2025-11-25 00:00:00+00:00,0.14752299434099753
2025-11-26 00:00:00+00:00,0.11108302925201043
2025-11-27 00:00:00+00:00,0.11444058434561866
2025-12-01 00:00:00+00:00,0.09610518080798358
2025-12-02 00:00:00+00:00,0.1066970045635589
2025-12-03 00:00:00+00:00,0.1063418949743827
2025-12-04 00:00:00+00:00,0.1089121772484136
2025-12-08 00:00:00+00:00,0.09375184862184174
2025-12-09 00:00:00+00:00,0.10905395812675421
2025-12-10 00:00:00+00:00,0.10778077636220446
2025-12-11 00:00:00+00:00,0.09637591664788137
2025-12-15 00:00:00+00:00,0.09814217248551925
2025-12-16 00:00:00+00:00,0.10129430546078619
2025-12-17 00:00:00+00:00,0.09858399304255795
2025-12-18 00:00:00+00:00,0.09803570581008982
2025-12-22 00:00:00+00:00,0.09404732358827418
2025-12-23 00:00:00+00:00,0.0920092789162513
2025-12-29 00:00:00+00:00,0.0925399534304087
2025-12-30 00:00:00+00:00,0.06663386116673095
2026-01-05 00:00:00+00:00,0.07948349683663265
2026-01-06 00:00:00+00:00,0.07947266785276899
2026-01-07 00:00:00+00:00,0.07518883966674432
2026-01-08 00:00:00+00:00,0.07459751924978715
2026-01-12 00:00:00+00:00,0.075506226569882
2026-01-13 00:00:00+00:00,0.037950067342895334
2026-01-14 00:00:00+00:00,0.04771593189938759
2026-01-15 00:00:00+00:00,0.05211670862706351
2026-01-19 00:00:00+00:00,0.05848306250414354
2026-01-20 00:00:00+00:00,0.007120797380753582
2026-01-21 00:00:00+00:00,0.012640207887308571
2026-01-22 00:00:00+00:00,0.009818894550199872
2026-01-26 00:00:00+00:00,0.015845423637502264
2026-01-27 00:00:00+00:00,0.007813190363893932
2026-01-28 00:00:00+00:00,0.004272490744787473
2026-01-29 00:00:00+00:00,0.013328639826857754
2026-02-02 00:00:00+00:00,0.0007945978185244416
2026-02-03 00:00:00+00:00,0.01776578714148843
2026-02-04 00:00:00+00:00,0.06959952168670294
2026-02-05 00:00:00+00:00,-0.12999843649872017
2026-02-09 00:00:00+00:00,-0.13046952861244324
2026-02-10 00:00:00+00:00,-0.12544812389377585
2026-02-11 00:00:00+00:00,-0.10363868235344761
2026-02-12 00:00:00+00:00,-0.10697728430198519
2026-02-16 00:00:00+00:00,-0.11151477131400608
2026-02-17 00:00:00+00:00,-0.11544563309948601
2026-02-18 00:00:00+00:00,-0.11758899097405928
2026-02-19 00:00:00+00:00,-0.11068347941825804
2026-02-23 00:00:00+00:00,-0.1371721487574006
2026-02-24 00:00:00+00:00,-0.1373946785459242
2026-02-25 00:00:00+00:00,-0.16391297807645616
2026-02-26 00:00:00+00:00,-0.16538412679727238
2026-03-02 00:00:00+00:00,-0.18595057807533272
2026-03-03 00:00:00+00:00,-0.18736464052735677
2026-03-04 00:00:00+00:00,-0.20760774053148023
2026-03-05 00:00:00+00:00,-0.19474772543948912
2026-03-09 00:00:00+00:00,-0.18819581772482424
2026-03-10 00:00:00+00:00,-0.1833912963035147
2026-03-11 00:00:00+00:00,-0.1898862524820491
2026-03-12 00:00:00+00:00,-0.19340010938762164
2026-03-16 00:00:00+00:00,-0.19223725279672266
2026-03-17 00:00:00+00:00,-0.18436017934472643
2026-03-18 00:00:00+00:00,-0.18514288948257107
2026-03-19 00:00:00+00:00,-0.17078433134118415
2026-03-23 00:00:00+00:00,-0.15743983955723748
2026-03-24 00:00:00+00:00,-0.18703258652230256
2026-03-25 00:00:00+00:00,-0.19432364618516593
2026-03-26 00:00:00+00:00,-0.15492514397976703
2026-03-30 00:00:00+00:00,-0.1283645832783064
2026-03-31 00:00:00+00:00,-0.11065990805048617
2026-04-01 00:00:00+00:00,-0.11082497036730177
2026-04-02 00:00:00+00:00,-0.11270060209026876
2026-04-06 00:00:00+00:00,-0.11207601983008035
2026-04-07 00:00:00+00:00,-0.06953736530590761
2026-04-08 00:00:00+00:00,-0.07161848034752755
2026-04-09 00:00:00+00:00,-0.07091535945807292
2026-04-13 00:00:00+00:00,-0.046139588303799446
2026-04-14 00:00:00+00:00,-0.04753116728648428
2026-04-15 00:00:00+00:00,-0.06133473509591175
2026-04-16 00:00:00+00:00,-0.05114658355128901
2026-04-20 00:00:00+00:00,-0.04624216282813102
2026-04-21 00:00:00+00:00,-0.044454193335701726
2026-04-22 00:00:00+00:00,-0.05021241675469781
2026-04-23 00:00:00+00:00,-0.04907423905341805
2026-04-27 00:00:00+00:00,-0.055641575653936716
2026-04-28 00:00:00+00:00,-0.05324732895933525
2026-04-29 00:00:00+00:00,-0.06633826858413042
2026-04-30 00:00:00+00:00,-0.07076487114109399
2026-05-04 00:00:00+00:00,-0.07963593134895837
2026-05-05 00:00:00+00:00,-0.04772973714803708
2026-05-06 00:00:00+00:00,-0.0550877726549255
2026-05-07 00:00:00+00:00,-0.05847956130658792
2026-05-11 00:00:00+00:00,-0.057228473051971596
2026-05-12 00:00:00+00:00,-0.06341240809104208
2026-05-13 00:00:00+00:00,-0.06394509644258985
2026-05-14 00:00:00+00:00,-0.08618959353311768
2026-05-18 00:00:00+00:00,-0.08470463049571476
2026-05-19 00:00:00+00:00,-0.08378718185340556
2026-05-20 00:00:00+00:00,-0.08143967468513022
2026-05-21 00:00:00+00:00,-0.08862582786965345
